<item>
	<title>Gambled on the weather and lost, last night and again this morning. 	At least its not cold! #bikecommute</title>
	<link>http://verdammelt.posterous.com/gambled-on-the-weather-and-lost-last-night-an</link>
	<pubDate>Fri Jun 19 05:03:14 -0700 2009</pubDate>
	
	<dc:creator><![CDATA[Mark Simpson]]></dc:creator>
	
	

	<category><![CDATA[Uncategorized]]></category>

	<category domain="category" nicename="uncategorized"><![CDATA[Uncategorized]]></category>

  <guid isPermaLink="false">http://verdammelt.posterous.com/gambled-on-the-weather-and-lost-last-night-an</guid>
	<description></description>
	<content:encoded><![CDATA[The mist got heavier as I left Wendy and the bus stop then turned to <br />light rain while heading toward MIT. This tapered off and finally <br />stopped by the time I was in Back Bay and I even started to dry off <br />near Chinatown (except for the small splash I got from a passing car - <br />damn!). Then as I neared the office, right as i got to Congress St <br />the light rain appeared again and i couldn't get my rain jacket on or <br />zipped in time not to get back to damp. <p />&nbsp;But at least it wasn't cold.]]></content:encoded>
	<excerpt:encoded><![CDATA[The mist got heavier as I left Wendy and the bus stop then turned to light rain while heading toward MIT. This tapered off and finally stopped by the time I was in Back Bay and I even started to dry off near Chinatown (except for the small splash ...]]></excerpt:encoded>	

	<wp:post_date>Fri Jun 19 05:03:14 -0700 2009</wp:post_date>
	<wp:post_date_gmt>%= display_date %></wp:post_date_gmt>
	<wp:comment_status>open</wp:comment_status>
	<wp:ping_status>open</wp:ping_status>
	<wp:post_name>gambled-on-the-weather-and-lost-last-night-an</wp:post_name>
	<wp:status>publish</wp:status>
	<wp:post_parent>0</wp:post_parent>
	<wp:menu_order>0</wp:menu_order>
	<wp:post_type>post</wp:post_type>
	<wp:post_password></wp:post_password>
	<wp:is_sticky>0</wp:is_sticky>

	
</item>
