<item>
	<title>&quot;If knowing the unknowable is crazy... I don't want to be saved.&quot; The Good Book-The Necronomicon: http://tinyurl.com/yee5866</title>
	<link>http://verdammelt.posterous.com/if-knowing-the-unknowable-is-crazy-i-dont-wan</link>
	<pubDate>Mon Jan 18 15:31:19 -0800 2010</pubDate>
	
	<dc:creator><![CDATA[Mark Simpson]]></dc:creator>
	
	

	<category><![CDATA[Uncategorized]]></category>

	<category domain="category" nicename="uncategorized"><![CDATA[Uncategorized]]></category>

  <guid isPermaLink="false">http://verdammelt.posterous.com/if-knowing-the-unknowable-is-crazy-i-dont-wan</guid>
	<description></description>
	<content:encoded><![CDATA[]]></content:encoded>
	<excerpt:encoded><![CDATA[]]></excerpt:encoded>	

	<wp:post_date>Mon Jan 18 15:31:19 -0800 2010</wp:post_date>
	<wp:post_date_gmt>%= display_date %></wp:post_date_gmt>
	<wp:comment_status>open</wp:comment_status>
	<wp:ping_status>open</wp:ping_status>
	<wp:post_name>if-knowing-the-unknowable-is-crazy-i-dont-wan</wp:post_name>
	<wp:status>publish</wp:status>
	<wp:post_parent>0</wp:post_parent>
	<wp:menu_order>0</wp:menu_order>
	<wp:post_type>post</wp:post_type>
	<wp:post_password></wp:post_password>
	<wp:is_sticky>0</wp:is_sticky>

	
</item>
