<item>
	<title>Bread!</title>
	<link>http://verdammelt.posterous.com/bread-31</link>
	<pubDate>Sat Jun 20 17:37:41 -0700 2009</pubDate>
	
	<dc:creator><![CDATA[Mark Simpson]]></dc:creator>
	
	

	<category><![CDATA[Uncategorized]]></category>

	<category domain="category" nicename="uncategorized"><![CDATA[Uncategorized]]></category>

  <guid isPermaLink="false">http://verdammelt.posterous.com/bread-31</guid>
	<description></description>
	<content:encoded><![CDATA[<div class='p_embed p_image_embed'>
<a href="http://getfile6.posterous.com/getfile/files.posterous.com/verdammelt/2VpZm7Iw1FogvfjF2o9GOB8kjSW9STTqxOC6IaeCG2pKZsyIuglD73zguqkf/IMG00186.jpg.scaled.1000.jpg"><img alt="Img00186" height="400" src="http://getfile5.posterous.com/getfile/files.posterous.com/verdammelt/qZFJfhWUxd8CfGucKLKxyz2ao7oardk7l4nLwEucZbkCAiyxWhjyD7wxSY5N/IMG00186.jpg.scaled.500.jpg" width="500" /></a>
</div>
<p>Sent via BlackBerry from T-Mobile</p>]]></content:encoded>
	<excerpt:encoded><![CDATA[Sent via BlackBerry from T-Mobile]]></excerpt:encoded>	

	<wp:post_date>Sat Jun 20 17:37:41 -0700 2009</wp:post_date>
	<wp:post_date_gmt>%= display_date %></wp:post_date_gmt>
	<wp:comment_status>open</wp:comment_status>
	<wp:ping_status>open</wp:ping_status>
	<wp:post_name>bread-31</wp:post_name>
	<wp:status>publish</wp:status>
	<wp:post_parent>0</wp:post_parent>
	<wp:menu_order>0</wp:menu_order>
	<wp:post_type>post</wp:post_type>
	<wp:post_password></wp:post_password>
	<wp:is_sticky>0</wp:is_sticky>

	
</item>
