<item>
	<title>Sad bike!</title>
	<link>http://verdammelt.posterous.com/sad-bike</link>
	<pubDate>Tue Jun 23 16:04:26 -0700 2009</pubDate>
	
	<dc:creator><![CDATA[Mark Simpson]]></dc:creator>
	
	

	<category><![CDATA[Uncategorized]]></category>

	<category domain="category" nicename="uncategorized"><![CDATA[Uncategorized]]></category>

  <guid isPermaLink="false">http://verdammelt.posterous.com/sad-bike</guid>
	<description></description>
	<content:encoded><![CDATA[<div class='p_embed p_image_embed'>
<a href="http://getfile2.posterous.com/getfile/files.posterous.com/verdammelt/ODRpvpQmIdqet4ugnygoUZrlvMrSMDbwNcWi6E7zHneiUbSpH3hee49C3PUn/IMG00187.jpg.scaled.1000.jpg"><img alt="Img00187" height="400" src="http://getfile1.posterous.com/getfile/files.posterous.com/verdammelt/9oQ0Bh12OacXNqadswnxlhTYB3mHfhyTdcTQgavtlqCDdJtxpf5qZ2PkI07Q/IMG00187.jpg.scaled.500.jpg" width="500" /></a>
</div>
<p>Sent via BlackBerry from T-Mobile</p>]]></content:encoded>
	<excerpt:encoded><![CDATA[Sent via BlackBerry from T-Mobile]]></excerpt:encoded>	

	<wp:post_date>Tue Jun 23 16:04:26 -0700 2009</wp:post_date>
	<wp:post_date_gmt>%= display_date %></wp:post_date_gmt>
	<wp:comment_status>open</wp:comment_status>
	<wp:ping_status>open</wp:ping_status>
	<wp:post_name>sad-bike</wp:post_name>
	<wp:status>publish</wp:status>
	<wp:post_parent>0</wp:post_parent>
	<wp:menu_order>0</wp:menu_order>
	<wp:post_type>post</wp:post_type>
	<wp:post_password></wp:post_password>
	<wp:is_sticky>0</wp:is_sticky>

	
</item>
