<item>
	<title>Did my #Slim vs. #Fit talk today.  Why did i have to explain WHY we do these? Why did i have to explain the need to mock/fake?</title>
	<link>http://verdammelt.posterous.com/did-my-slim-vs-fit-talk-today-why-did-i-have</link>
	<pubDate>Tue Feb 16 18:08:32 -0800 2010</pubDate>
	
	<dc:creator><![CDATA[Mark Simpson]]></dc:creator>
	
	

	<category><![CDATA[Uncategorized]]></category>

	<category domain="category" nicename="uncategorized"><![CDATA[Uncategorized]]></category>

  <guid isPermaLink="false">http://verdammelt.posterous.com/did-my-slim-vs-fit-talk-today-why-did-i-have</guid>
	<description></description>
	<content:encoded><![CDATA[]]></content:encoded>
	<excerpt:encoded><![CDATA[]]></excerpt:encoded>	

	<wp:post_date>Tue Feb 16 18:08:32 -0800 2010</wp:post_date>
	<wp:post_date_gmt>%= display_date %></wp:post_date_gmt>
	<wp:comment_status>open</wp:comment_status>
	<wp:ping_status>open</wp:ping_status>
	<wp:post_name>did-my-slim-vs-fit-talk-today-why-did-i-have</wp:post_name>
	<wp:status>publish</wp:status>
	<wp:post_parent>0</wp:post_parent>
	<wp:menu_order>0</wp:menu_order>
	<wp:post_type>post</wp:post_type>
	<wp:post_password></wp:post_password>
	<wp:is_sticky>0</wp:is_sticky>

	
</item>
