<item>
	<title>I hope i don't end up being this like guy on my team: http://tinyurl.com/r4xduz</title>
	<link>http://verdammelt.posterous.com/i-hope-i-dont-end-up-being-this-like-guy-on-m</link>
	<pubDate>Wed Jul 01 03:30:54 -0700 2009</pubDate>
	
	<dc:creator><![CDATA[Mark Simpson]]></dc:creator>
	
	

	<category><![CDATA[Uncategorized]]></category>

	<category domain="category" nicename="uncategorized"><![CDATA[Uncategorized]]></category>

  <guid isPermaLink="false">http://verdammelt.posterous.com/i-hope-i-dont-end-up-being-this-like-guy-on-m</guid>
	<description></description>
	<content:encoded><![CDATA[I hope i don't end up being this like guy on my team: <br /><a href="http://tinyurl.com/r4xduz">http://tinyurl.com/r4xduz</a>]]></content:encoded>
	<excerpt:encoded><![CDATA[I hope i don't end up being this like guy on my team: http://tinyurl.com/r4xduz]]></excerpt:encoded>	

	<wp:post_date>Wed Jul 01 03:30:54 -0700 2009</wp:post_date>
	<wp:post_date_gmt>%= display_date %></wp:post_date_gmt>
	<wp:comment_status>open</wp:comment_status>
	<wp:ping_status>open</wp:ping_status>
	<wp:post_name>i-hope-i-dont-end-up-being-this-like-guy-on-m</wp:post_name>
	<wp:status>publish</wp:status>
	<wp:post_parent>0</wp:post_parent>
	<wp:menu_order>0</wp:menu_order>
	<wp:post_type>post</wp:post_type>
	<wp:post_password></wp:post_password>
	<wp:is_sticky>0</wp:is_sticky>

	
</item>
