<item>
	<title>Found Apples!</title>
	<link>http://verdammelt.posterous.com/found-apples</link>
	<pubDate>Wed Sep 24 16:16:52 -0700 2008</pubDate>
	
	<dc:creator><![CDATA[Mark Simpson]]></dc:creator>
	
	

	<category><![CDATA[Uncategorized]]></category>

	<category domain="category" nicename="uncategorized"><![CDATA[Uncategorized]]></category>

  <guid isPermaLink="false">http://verdammelt.posterous.com/found-apples</guid>
	<description></description>
	<content:encoded><![CDATA[Spple tree full of apples by the BU boathouse and hanging over the Charles. <p />   Managed to knock a few down and fish them out of the river. Hope the dip in the river water won't lead to freakish mutations when we eat them. <p />    <br /> Sent via BlackBerry from T-Mobile]]></content:encoded>
	<excerpt:encoded><![CDATA[Spple tree full of apples by the BU boathouse and hanging over the Charles. Managed to knock a few down and fish them out of the river. Hope the dip in the river water won't lead to freakish mutations when we eat them. Sent via BlackBerry from T-M...]]></excerpt:encoded>	

	<wp:post_date>Wed Sep 24 16:16:52 -0700 2008</wp:post_date>
	<wp:post_date_gmt>%= display_date %></wp:post_date_gmt>
	<wp:comment_status>open</wp:comment_status>
	<wp:ping_status>open</wp:ping_status>
	<wp:post_name>found-apples</wp:post_name>
	<wp:status>publish</wp:status>
	<wp:post_parent>0</wp:post_parent>
	<wp:menu_order>0</wp:menu_order>
	<wp:post_type>post</wp:post_type>
	<wp:post_password></wp:post_password>
	<wp:is_sticky>0</wp:is_sticky>

	
</item>
