<item>
	<title>Agile Project - House Renovation - Analogy/Anecdote.</title>
	<link>http://verdammelt.posterous.com/agile-project-house-renovation-analogyanecdot</link>
	<pubDate>Mon Mar 08 20:33:44 -0800 2010</pubDate>
	
	<dc:creator><![CDATA[Mark Simpson]]></dc:creator>
	
	

	<category><![CDATA[Uncategorized]]></category>

	<category domain="category" nicename="uncategorized"><![CDATA[Uncategorized]]></category>

  <guid isPermaLink="false">http://verdammelt.posterous.com/agile-project-house-renovation-analogyanecdot</guid>
	<description></description>
	<content:encoded><![CDATA[I'm not sure why it took me so long to notice this analogy/similarity[1] <br />but when W. and I had part of our house renovated it was done in what, <br />if it were software, I would definitely call and "Agile" methodology. <p /> I don't remember if I was aware of "Agile" at the time (having come to <br />this bandwagon rather late) and I was the "Customer" for this project - <br />but now looking back I see the following connections: <p /> 1. Weekly iterations - While not all 'stories' were done for us to see <br />each week - we did meet with the project coordinators each week and they <br />reviewed what got done, and what was going to get done and made sure we <br />were OK with how it went. If we changed our minds, or realized that we <br />wanted something different - the plans could change[2]. This is also <br />where issues were brought up - some tasks ran into problems (it is an <br />old house, there are strange and bizarre bits of construction in it <br />hidden behind the walls) which also led to changes in the plan. We were <br />always working on "stories" which we felt we must get done, sometimes <br />choosing to change which "stories" were to get done.[3] <p /> 2. Continuous Integration/Delivery - Since the work was taking place in <br />our own house (which we were still living in) we could take the latest <br />'drop' and check it out. How did the new room look (even if only framed <br />with no drywall)? Maybe the door should swing the other way (now that <br />we see how the walls actually _are_)? <p /> 3. Incremental development - obviously all construction is in a sense <br />incremental - first you frame the walls, then the drywall goes up, then <br />that is painted, doorknobs put on etc. As time goes on - big changes <br />become harder - but with the continuous feedback those changes can be <br />made earlier - we could see how things were shaping up as they went. <p /> 4. Retrospective - along with the weekly meetings I remember being <br />asked about if the meetings were working out OK - if we had any issues <br />with the way the construction was happening while we still lived there <br />etc. I.e could the process be improved. <p /> 5. Acceptance Tests - a "story" was not done until we were satisfied. <p /> (Luckily, however, no Test Driven Development - wouldn't want them to <br />"fail" a load bearing wall before they built it!) <p /> In all I'd class this house renovation project as sort of "Agile" <br />project and I think it worked out well. Knowing what I know now I think <br />I could have worked as "Customer" even better. <p /> Footnotes: [1] I just got "Agile Principles, Patterns, and Practices in C#" <br />[Martin & Martin 2007], perhaps reading some of the front matter brought <br />this anecdote to light. <p /> [2] For a price of course! <p /> [3] But if a "story" started we couldn't really stop it (you can't <br />un-demo a room!) of course.]]></content:encoded>
	<excerpt:encoded><![CDATA[I'm not sure why it took me so long to notice this analogy/similarity[1] but when W. and I had part of our house renovated it was done in what, if it were software, I would definitely call and "Agile" methodology. I don't remember if I was aware o...]]></excerpt:encoded>	

	<wp:post_date>Mon Mar 08 20:33:44 -0800 2010</wp:post_date>
	<wp:post_date_gmt>%= display_date %></wp:post_date_gmt>
	<wp:comment_status>open</wp:comment_status>
	<wp:ping_status>open</wp:ping_status>
	<wp:post_name>agile-project-house-renovation-analogyanecdot</wp:post_name>
	<wp:status>publish</wp:status>
	<wp:post_parent>0</wp:post_parent>
	<wp:menu_order>0</wp:menu_order>
	<wp:post_type>post</wp:post_type>
	<wp:post_password></wp:post_password>
	<wp:is_sticky>0</wp:is_sticky>

	
</item>
