<item>
	<title>Ig Nobel Awards Night - Redundancy: &quot;Scientists can learn a lot from lap-dancers&quot;</title>
	<link>http://verdammelt.posterous.com/ig-nobel-awards-night-redundan</link>
	<pubDate>Thu Oct 02 19:08:43 -0700 2008</pubDate>
	
	<dc:creator><![CDATA[Mark Simpson]]></dc:creator>
	
	

	<category><![CDATA[Uncategorized]]></category>

	<category domain="category" nicename="uncategorized"><![CDATA[Uncategorized]]></category>

  <guid isPermaLink="false">http://verdammelt.posterous.com/ig-nobel-awards-night-redundan</guid>
	<description></description>
	<content:encoded><![CDATA[Attended the Ig Nobel awards ceremony and it was amusing as last <br /> year. This year's theme was Redundancy! Several interesting <br /> pieces of research were awarded the prize including (but not limited <br /> to): <p />    * the mathematics of tangling string & hair <br />  * the use of Coca-Cola as a spermicide <br />  * the puzzle solving ability of Slime Molds <br />  * the relationship of tip earning and menstrual cycle of lap dancers <br />  * a study showing that high-priced fake medicines were more effective <br />   than low-priced fake medicine. <p />   The winner of the prize for the first one listed above actually sent a <br /> Tweet from the podium (and then apologized for being so rude). I <br /> bumped into him outside the hall to ask if he had _actually_ done that <br /> and he said he did - but i didn't quite catch his Twitter name - <br /> something like 'dorian'? <p />   In attendance was Benoit Mandelbrot (quite a celebrity!) along with <br /> the usual cast: the inventors of the Pink Flamingo lawn ornament, the <br /> doctor who found digital rectal stimulation cured incessant <br /> hiccupping, the sword swallowing doctor, and (my favorite) the guy who <br /> discovered the first known case of homosexual necrophilic behavior in <br /> the Mallard duck (unfortunately Harvard would not let him borrow the <br /> duck from their collection this year, as they had done in the past).]]></content:encoded>
	<excerpt:encoded><![CDATA[Attended the Ig Nobel awards ceremony and it was amusing as last year. This year's theme was Redundancy! Several interesting pieces of research were awarded the prize including (but not limited to): * the mathematics of tangling string & hair * th...]]></excerpt:encoded>	

	<wp:post_date>Thu Oct 02 19:08:43 -0700 2008</wp:post_date>
	<wp:post_date_gmt>%= display_date %></wp:post_date_gmt>
	<wp:comment_status>open</wp:comment_status>
	<wp:ping_status>open</wp:ping_status>
	<wp:post_name>ig-nobel-awards-night-redundan</wp:post_name>
	<wp:status>publish</wp:status>
	<wp:post_parent>0</wp:post_parent>
	<wp:menu_order>0</wp:menu_order>
	<wp:post_type>post</wp:post_type>
	<wp:post_password></wp:post_password>
	<wp:is_sticky>0</wp:is_sticky>

	
</item>
