<item>
	<title>Amazed/Annoyed at my bike's automatic transmission: switches from 2nd-&gt;neutral or 1st-&gt;2nd automatically when it wants!</title>
	<link>http://verdammelt.posterous.com/amazedannoyed-at-my-bikes-auto</link>
	<pubDate>Fri Oct 03 06:00:00 -0700 2008</pubDate>
	
	<dc:creator><![CDATA[Mark Simpson]]></dc:creator>
	
	

	<category><![CDATA[Uncategorized]]></category>

	<category domain="category" nicename="uncategorized"><![CDATA[Uncategorized]]></category>

  <guid isPermaLink="false">http://verdammelt.posterous.com/amazedannoyed-at-my-bikes-auto</guid>
	<description></description>
	<content:encoded><![CDATA[<p>When I get the black Schwinn back from Harris I'm going to have to <br /> save up a few bucks to take this bike (blue BSA) to get its hub <br /> reworked. In the mean time I'll try to do the adjustment that the <br /> friendly mechanic at Harris suggested to me. <p />  This morning Wendy's bike (red Biria) was not sounding good. She had <br /> forgotten that it was making a clunking noise from the rear (maybe the <br /> gears, maybe the brakes?). We'll need to take that back to ATA (where <br /> it was bought - it is brand new) and have them look at it.</p>]]></content:encoded>
	<excerpt:encoded><![CDATA[When I get the black Schwinn back from Harris I'm going to have to save up a few bucks to take this bike (blue BSA) to get its hub reworked. In the mean time I'll try to do the adjustment that the friendly mechanic at Harris suggested to me. This ...]]></excerpt:encoded>	

	<wp:post_date>Fri Oct 03 06:00:00 -0700 2008</wp:post_date>
	<wp:post_date_gmt>%= display_date %></wp:post_date_gmt>
	<wp:comment_status>open</wp:comment_status>
	<wp:ping_status>open</wp:ping_status>
	<wp:post_name>amazedannoyed-at-my-bikes-auto</wp:post_name>
	<wp:status>publish</wp:status>
	<wp:post_parent>0</wp:post_parent>
	<wp:menu_order>0</wp:menu_order>
	<wp:post_type>post</wp:post_type>
	<wp:post_password></wp:post_password>
	<wp:is_sticky>0</wp:is_sticky>

	
</item>
