<item>
	<title>Too damn early to be waiting for a train to Franklin</title>
	<link>http://verdammelt.posterous.com/too-damn-early-to-be-waiting-for-a-train-to-f</link>
	<pubDate>Sat Mar 20 04:04:00 -0700 2010</pubDate>
	
	<dc:creator><![CDATA[Mark Simpson]]></dc:creator>
	
	

	<category><![CDATA[Uncategorized]]></category>

	<category domain="category" nicename="uncategorized"><![CDATA[Uncategorized]]></category>

  <guid isPermaLink="false">http://verdammelt.posterous.com/too-damn-early-to-be-waiting-for-a-train-to-f</guid>
	<description></description>
	<content:encoded><![CDATA[<div class='p_embed p_image_embed'>
<a href="http://getfile7.posterous.com/getfile/files.posterous.com/verdammelt/czUN3zDd3CF4ZJIhaLJYJRhDSRP3WBR481riC8tgq0IAHGDcEAciKKyKDlvi/2010-03-20_07.01.38.jpg.scaled.1000.jpg"><img alt="2010-03-20_07" height="667" src="http://getfile6.posterous.com/getfile/files.posterous.com/verdammelt/28ie3gCskK0Amq8wiki7SDksro4x985LOIfWqsZWKjaZieUlIl4j6WSLfvrm/2010-03-20_07.01.38.jpg.scaled.500.jpg" width="500" /></a>
</div>
]]></content:encoded>
	<excerpt:encoded><![CDATA[]]></excerpt:encoded>	

	<wp:post_date>Sat Mar 20 04:04:00 -0700 2010</wp:post_date>
	<wp:post_date_gmt>%= display_date %></wp:post_date_gmt>
	<wp:comment_status>open</wp:comment_status>
	<wp:ping_status>open</wp:ping_status>
	<wp:post_name>too-damn-early-to-be-waiting-for-a-train-to-f</wp:post_name>
	<wp:status>publish</wp:status>
	<wp:post_parent>0</wp:post_parent>
	<wp:menu_order>0</wp:menu_order>
	<wp:post_type>post</wp:post_type>
	<wp:post_password></wp:post_password>
	<wp:is_sticky>0</wp:is_sticky>

	
</item>
