<item>
	<title>Evil cat lurking over us all</title>
	<link>http://verdammelt.posterous.com/evil-cat-lurking-over-us-all</link>
	<pubDate>Sat Mar 20 13:54:01 -0700 2010</pubDate>
	
	<dc:creator><![CDATA[Mark Simpson]]></dc:creator>
	
	

	<category><![CDATA[Uncategorized]]></category>

	<category domain="category" nicename="uncategorized"><![CDATA[Uncategorized]]></category>

  <guid isPermaLink="false">http://verdammelt.posterous.com/evil-cat-lurking-over-us-all</guid>
	<description></description>
	<content:encoded><![CDATA[<div class='p_embed p_image_embed'>
<a href="http://getfile4.posterous.com/getfile/files.posterous.com/verdammelt/2QlztY0KAFsEjK3n4STAmklqqYXQePC4hgaZ2slAmbfS7d3Oylxig6QWTLD1/2010-03-20_16.40.55.jpg.scaled.1000.jpg"><img alt="2010-03-20_16" height="375" src="http://getfile3.posterous.com/getfile/files.posterous.com/verdammelt/sxOdzHQPNTGP7vuav871xoHz4VPPnloSgzUHr8yQ4mr17Q9lBy335BRjuXdd/2010-03-20_16.40.55.jpg.scaled.500.jpg" width="500" /></a>
</div>
]]></content:encoded>
	<excerpt:encoded><![CDATA[]]></excerpt:encoded>	

	<wp:post_date>Sat Mar 20 13:54:01 -0700 2010</wp:post_date>
	<wp:post_date_gmt>%= display_date %></wp:post_date_gmt>
	<wp:comment_status>open</wp:comment_status>
	<wp:ping_status>open</wp:ping_status>
	<wp:post_name>evil-cat-lurking-over-us-all</wp:post_name>
	<wp:status>publish</wp:status>
	<wp:post_parent>0</wp:post_parent>
	<wp:menu_order>0</wp:menu_order>
	<wp:post_type>post</wp:post_type>
	<wp:post_password></wp:post_password>
	<wp:is_sticky>0</wp:is_sticky>

	
</item>
