<item>
	<title>Sustainable Pace - 4 stroke engine analogy - only 1 stroke out of 4 produces power - the others prepare for the next power stroke.</title>
	<link>http://verdammelt.posterous.com/sustainable-pace-4-stroke-engine-analogy-only</link>
	<pubDate>Mon Mar 22 20:18:07 -0700 2010</pubDate>
	
	<dc:creator><![CDATA[Mark Simpson]]></dc:creator>
	
	

	<category><![CDATA[Uncategorized]]></category>

	<category domain="category" nicename="uncategorized"><![CDATA[Uncategorized]]></category>

  <guid isPermaLink="false">http://verdammelt.posterous.com/sustainable-pace-4-stroke-engine-analogy-only</guid>
	<description></description>
	<content:encoded><![CDATA[]]></content:encoded>
	<excerpt:encoded><![CDATA[]]></excerpt:encoded>	

	<wp:post_date>Mon Mar 22 20:18:07 -0700 2010</wp:post_date>
	<wp:post_date_gmt>%= display_date %></wp:post_date_gmt>
	<wp:comment_status>open</wp:comment_status>
	<wp:ping_status>open</wp:ping_status>
	<wp:post_name>sustainable-pace-4-stroke-engine-analogy-only</wp:post_name>
	<wp:status>publish</wp:status>
	<wp:post_parent>0</wp:post_parent>
	<wp:menu_order>0</wp:menu_order>
	<wp:post_type>post</wp:post_type>
	<wp:post_password></wp:post_password>
	<wp:is_sticky>0</wp:is_sticky>

	
</item>
