<item>
	<title>On Craftsmen and their Tools</title>
	<link>http://verdammelt.posterous.com/on-craftsmen-and-their-tools</link>
	<pubDate>Mon Mar 22 19:12:07 -0700 2010</pubDate>
	
	<dc:creator><![CDATA[Mark Simpson]]></dc:creator>
	
	

	<category><![CDATA[Uncategorized]]></category>

	<category domain="category" nicename="uncategorized"><![CDATA[Uncategorized]]></category>

  <guid isPermaLink="false">http://verdammelt.posterous.com/on-craftsmen-and-their-tools</guid>
	<description></description>
	<content:encoded><![CDATA[Reading Corey Haines' recent blog post "Blaming your tools" <br />(<a href="http://programmingtour.blogspot.com/2010/03/blaming-your-tools.html)">http://programmingtour.blogspot.com/2010/03/blaming-your-tools.html)</a> <br />made me think about a few things about my relationship to the tools of <br />my craft. <p /> I am a die hard Emacs (<a href="http://www.gnu.org/software/emacs/)">http://www.gnu.org/software/emacs/)</a> user (and <br />also use VI - so no need for flames). I've been using Emacs since 1989 <br />and it has been a solid tool in my toolbox the entire time. It is not <br />always the correct tool, and currently it is not my IDE for work (Visual <br />Studio 2010 is my current IDE); but always at least a fall-back. I am <br />often able to do "magic" that my other coworkers can't make happen <br />because I use Emacs; especially by recording macros and then applying <br />them to a large set of files. Or by creating quick Elisp programs to <br />generate data. <p /> I am long time Unix user. My day job is on Windows - but I always <br />install Cygwin (<a href="http://www.cygwin.org">http://www.cygwin.org</a>). Again, like Emacs, I have been using <br />it since 1988/89 and it has only rarely let me down. Again - not always <br />the right tool; but always available. Also has allowed me to do "magic" <br />my coworkers have not been able to do. <p /> Am I "[defending my] possibly old, less-effective tools"? I don't think <br />so. There are new tools I use, and I know that Emacs & Unix command <br />line are not perfect tools for all cases (but they come close!). I do <br />think it is important to find multi-purpose tools that can be used as <br />fall-backs when the specialized tools don't work. I see too many of my <br />coworkers who their fall-back tools are notepad.exe and cmd.exe. Which brings me to something I often wonder - Why don't some people <br />think about their tools? I keep running into (and working with) people <br />who are using tools they don't like, are not satisfied with, but they <br />don't look for better tools. Similarly they continue to do tasks <br />repetitively and inefficiently without looking for ways to either, not do <br />them at all, or to do them more efficiently. <p /> (I kept wanting to say that these developers were 'content' or <br />'satisfied' - but really they aren't. They are not 'content' or <br />'satisfied' doing inefficient work with bad tools - but they keep right <br />on doing it.)]]></content:encoded>
	<excerpt:encoded><![CDATA[Reading Corey Haines' recent blog post "Blaming your tools" (http://programmingtour.blogspot.com/2010/03/blaming-your-tools.html) made me think about a few things about my relationship to the tools of my craft. I am a die hard Emacs (http://www.gn...]]></excerpt:encoded>	

	<wp:post_date>Mon Mar 22 19:12:07 -0700 2010</wp:post_date>
	<wp:post_date_gmt>%= display_date %></wp:post_date_gmt>
	<wp:comment_status>open</wp:comment_status>
	<wp:ping_status>open</wp:ping_status>
	<wp:post_name>on-craftsmen-and-their-tools</wp:post_name>
	<wp:status>publish</wp:status>
	<wp:post_parent>0</wp:post_parent>
	<wp:menu_order>0</wp:menu_order>
	<wp:post_type>post</wp:post_type>
	<wp:post_password></wp:post_password>
	<wp:is_sticky>0</wp:is_sticky>

	
</item>
