<item>
	<title>The IPad - Will it Blend? http://www.youtube.com/watch?v=lAl28d6tbko&amp;feature=player_embedded</title>
	<link>http://verdammelt.posterous.com/the-ipad-will-it-blend-httpwwwyoutubecomwatch</link>
	<pubDate>Tue Apr 06 07:52:31 -0700 2010</pubDate>
	
	<dc:creator><![CDATA[Mark Simpson]]></dc:creator>
	
	

	<category><![CDATA[Uncategorized]]></category>

	<category domain="category" nicename="uncategorized"><![CDATA[Uncategorized]]></category>

  <guid isPermaLink="false">http://verdammelt.posterous.com/the-ipad-will-it-blend-httpwwwyoutubecomwatch</guid>
	<description></description>
	<content:encoded><![CDATA[]]></content:encoded>
	<excerpt:encoded><![CDATA[]]></excerpt:encoded>	

	<wp:post_date>Tue Apr 06 07:52:31 -0700 2010</wp:post_date>
	<wp:post_date_gmt>%= display_date %></wp:post_date_gmt>
	<wp:comment_status>open</wp:comment_status>
	<wp:ping_status>open</wp:ping_status>
	<wp:post_name>the-ipad-will-it-blend-httpwwwyoutubecomwatch</wp:post_name>
	<wp:status>publish</wp:status>
	<wp:post_parent>0</wp:post_parent>
	<wp:menu_order>0</wp:menu_order>
	<wp:post_type>post</wp:post_type>
	<wp:post_password></wp:post_password>
	<wp:is_sticky>0</wp:is_sticky>

	
</item>
