<item>
	<title>The ting-ting of a part falling off your bicycle is NOT what you want to hear when riding quickly in traffic.</title>
	<link>http://verdammelt.posterous.com/the-ting-ting-of-a-part-fallin</link>
	<pubDate>Mon Oct 20 05:25:11 -0700 2008</pubDate>
	
	<dc:creator><![CDATA[Mark Simpson]]></dc:creator>
	
	

	<category><![CDATA[Uncategorized]]></category>

	<category domain="category" nicename="uncategorized"><![CDATA[Uncategorized]]></category>

  <guid isPermaLink="false">http://verdammelt.posterous.com/the-ting-ting-of-a-part-fallin</guid>
	<description></description>
	<content:encoded><![CDATA[Luckily it seems to only been a bolt that holds the rack to the seat stays. <p />   Very chilly ride this morning. First really cold morning of the <br /> season. Even so i still managed to build up a bit of a sweat. I ride <br /> too fast and dress too warmly. <p />   Wendy picked up her bike from the shop yesterday and it was good to go <br /> for a ride with her again. Unfortunately she opted out from the <br /> commute this morning given the really cold temps.]]></content:encoded>
	<excerpt:encoded><![CDATA[Luckily it seems to only been a bolt that holds the rack to the seat stays. Very chilly ride this morning. First really cold morning of the season. Even so i still managed to build up a bit of a sweat. I ride too fast and dress too warmly. Wendy p...]]></excerpt:encoded>	

	<wp:post_date>Mon Oct 20 05:25:11 -0700 2008</wp:post_date>
	<wp:post_date_gmt>%= display_date %></wp:post_date_gmt>
	<wp:comment_status>open</wp:comment_status>
	<wp:ping_status>open</wp:ping_status>
	<wp:post_name>the-ting-ting-of-a-part-fallin</wp:post_name>
	<wp:status>publish</wp:status>
	<wp:post_parent>0</wp:post_parent>
	<wp:menu_order>0</wp:menu_order>
	<wp:post_type>post</wp:post_type>
	<wp:post_password></wp:post_password>
	<wp:is_sticky>0</wp:is_sticky>

	
</item>
