<item>
	<title>Muppets vs. Queen: http://bit.ly/98iyRK (side-by-side Bohemian Rhapsody videos)</title>
	<link>http://verdammelt.posterous.com/muppets-vs-queen-httpbitly98iyrk-side-by-side</link>
	<pubDate>Wed Apr 28 15:43:54 -0700 2010</pubDate>
	
	<dc:creator><![CDATA[Mark Simpson]]></dc:creator>
	
	

	<category><![CDATA[Uncategorized]]></category>

	<category domain="category" nicename="uncategorized"><![CDATA[Uncategorized]]></category>

  <guid isPermaLink="false">http://verdammelt.posterous.com/muppets-vs-queen-httpbitly98iyrk-side-by-side</guid>
	<description></description>
	<content:encoded><![CDATA[]]></content:encoded>
	<excerpt:encoded><![CDATA[]]></excerpt:encoded>	

	<wp:post_date>Wed Apr 28 15:43:54 -0700 2010</wp:post_date>
	<wp:post_date_gmt>%= display_date %></wp:post_date_gmt>
	<wp:comment_status>open</wp:comment_status>
	<wp:ping_status>open</wp:ping_status>
	<wp:post_name>muppets-vs-queen-httpbitly98iyrk-side-by-side</wp:post_name>
	<wp:status>publish</wp:status>
	<wp:post_parent>0</wp:post_parent>
	<wp:menu_order>0</wp:menu_order>
	<wp:post_type>post</wp:post_type>
	<wp:post_password></wp:post_password>
	<wp:is_sticky>0</wp:is_sticky>

	
</item>
