<item>
	<title>My wife the rockstar</title>
	<link>http://verdammelt.posterous.com/my-wife-the-rockstar</link>
	<pubDate>Sat Aug 01 14:18:27 -0700 2009</pubDate>
	
	<dc:creator><![CDATA[Mark Simpson]]></dc:creator>
	
	

	<category><![CDATA[Uncategorized]]></category>

	<category domain="category" nicename="uncategorized"><![CDATA[Uncategorized]]></category>

  <guid isPermaLink="false">http://verdammelt.posterous.com/my-wife-the-rockstar</guid>
	<description></description>
	<content:encoded><![CDATA[<div class='p_embed p_image_embed'>
<a href="http://getfile9.posterous.com/getfile/files.posterous.com/verdammelt/ALGjg80ssavOI0ZWUpugraVArvGHJHNbGZgEI8f6k79GCFHwSXkUXMyPgSPH/IMG00191.jpg.scaled.1000.jpg"><img alt="Img00191" height="400" src="http://getfile8.posterous.com/getfile/files.posterous.com/verdammelt/Hr2wueddi7AeAYQ82QznUUKZNpfBcAc1I4vv8bNfIo8LTflKVhQcuujQD2fP/IMG00191.jpg.scaled.500.jpg" width="500" /></a>
</div>
<p>Sent via BlackBerry from T-Mobile</p>]]></content:encoded>
	<excerpt:encoded><![CDATA[Sent via BlackBerry from T-Mobile]]></excerpt:encoded>	

	<wp:post_date>Sat Aug 01 14:18:27 -0700 2009</wp:post_date>
	<wp:post_date_gmt>%= display_date %></wp:post_date_gmt>
	<wp:comment_status>open</wp:comment_status>
	<wp:ping_status>open</wp:ping_status>
	<wp:post_name>my-wife-the-rockstar</wp:post_name>
	<wp:status>publish</wp:status>
	<wp:post_parent>0</wp:post_parent>
	<wp:menu_order>0</wp:menu_order>
	<wp:post_type>post</wp:post_type>
	<wp:post_password></wp:post_password>
	<wp:is_sticky>0</wp:is_sticky>

	
</item>
