<item>
	<title>They'd have been half-minutemen if they biked not marched</title>
	<link>http://verdammelt.posterous.com/theyd-have-been-half-minutemen-if-they-biked</link>
	<pubDate>Fri Apr 30 07:11:21 -0700 2010</pubDate>
	
	<dc:creator><![CDATA[Mark Simpson]]></dc:creator>
	
	

	<category><![CDATA[Uncategorized]]></category>

	<category domain="category" nicename="uncategorized"><![CDATA[Uncategorized]]></category>

  <guid isPermaLink="false">http://verdammelt.posterous.com/theyd-have-been-half-minutemen-if-they-biked</guid>
	<description></description>
	<content:encoded><![CDATA[<div class='p_embed p_image_embed'>
<a href="http://getfile2.posterous.com/getfile/files.posterous.com/verdammelt/ogiCTswS0doL0hpzRQG2vYazqVv6OaKcgzbeJ4Lz0S0maqo4EHKOVAIjldXd/2010-04-30_10.09.39.jpg.scaled.1000.jpg"><img alt="2010-04-30_10" height="667" src="http://getfile1.posterous.com/getfile/files.posterous.com/verdammelt/cwVt4tsDzekLolDwaFfYLD8nPTSwLA1EOkx3IX12TIJrafjr092BUZmj2FsG/2010-04-30_10.09.39.jpg.scaled.500.jpg" width="500" /></a>
</div>
]]></content:encoded>
	<excerpt:encoded><![CDATA[]]></excerpt:encoded>	

	<wp:post_date>Fri Apr 30 07:11:21 -0700 2010</wp:post_date>
	<wp:post_date_gmt>%= display_date %></wp:post_date_gmt>
	<wp:comment_status>open</wp:comment_status>
	<wp:ping_status>open</wp:ping_status>
	<wp:post_name>theyd-have-been-half-minutemen-if-they-biked</wp:post_name>
	<wp:status>publish</wp:status>
	<wp:post_parent>0</wp:post_parent>
	<wp:menu_order>0</wp:menu_order>
	<wp:post_type>post</wp:post_type>
	<wp:post_password></wp:post_password>
	<wp:is_sticky>0</wp:is_sticky>

	
</item>
