<item>
	<title>40 mile round trip CambridgeConcord + 10(ish) mile loop around the Charles = half century ride DONE!</title>
	<link>http://verdammelt.posterous.com/40-mile-round-trip-cambridgeconcord-10ish-mil</link>
	<pubDate>Fri Apr 30 11:37:22 -0700 2010</pubDate>
	
	<dc:creator><![CDATA[Mark Simpson]]></dc:creator>
	
	

	<category><![CDATA[Uncategorized]]></category>

	<category domain="category" nicename="uncategorized"><![CDATA[Uncategorized]]></category>

  <guid isPermaLink="false">http://verdammelt.posterous.com/40-mile-round-trip-cambridgeconcord-10ish-mil</guid>
	<description></description>
	<content:encoded><![CDATA[]]></content:encoded>
	<excerpt:encoded><![CDATA[]]></excerpt:encoded>	

	<wp:post_date>Fri Apr 30 11:37:22 -0700 2010</wp:post_date>
	<wp:post_date_gmt>%= display_date %></wp:post_date_gmt>
	<wp:comment_status>open</wp:comment_status>
	<wp:ping_status>open</wp:ping_status>
	<wp:post_name>40-mile-round-trip-cambridgeconcord-10ish-mil</wp:post_name>
	<wp:status>publish</wp:status>
	<wp:post_parent>0</wp:post_parent>
	<wp:menu_order>0</wp:menu_order>
	<wp:post_type>post</wp:post_type>
	<wp:post_password></wp:post_password>
	<wp:is_sticky>0</wp:is_sticky>

	
</item>
