<item>
	<title>Why do the tests fail so badly only on the CruiseContol server - and 	why am I the only one who seems to care?</title>
	<link>http://verdammelt.posterous.com/why-do-the-tests-fail-so-badly-only-on-the-cr</link>
	<pubDate>Tue Aug 04 12:37:21 -0700 2009</pubDate>
	
	<dc:creator><![CDATA[Mark Simpson]]></dc:creator>
	
	

	<category><![CDATA[Uncategorized]]></category>

	<category domain="category" nicename="uncategorized"><![CDATA[Uncategorized]]></category>

  <guid isPermaLink="false">http://verdammelt.posterous.com/why-do-the-tests-fail-so-badly-only-on-the-cr</guid>
	<description></description>
	<content:encoded><![CDATA[Aren't we all supposed to be getting the tests passing and keeping <br />them passing? If we can't get them passing on the test server isn't <br />that a problem that we all should care about?]]></content:encoded>
	<excerpt:encoded><![CDATA[Aren't we all supposed to be getting the tests passing and keeping them passing? If we can't get them passing on the test server isn't that a problem that we all should care about?]]></excerpt:encoded>	

	<wp:post_date>Tue Aug 04 12:37:21 -0700 2009</wp:post_date>
	<wp:post_date_gmt>%= display_date %></wp:post_date_gmt>
	<wp:comment_status>open</wp:comment_status>
	<wp:ping_status>open</wp:ping_status>
	<wp:post_name>why-do-the-tests-fail-so-badly-only-on-the-cr</wp:post_name>
	<wp:status>publish</wp:status>
	<wp:post_parent>0</wp:post_parent>
	<wp:menu_order>0</wp:menu_order>
	<wp:post_type>post</wp:post_type>
	<wp:post_password></wp:post_password>
	<wp:is_sticky>0</wp:is_sticky>

	
</item>
