<item>
	<title>And the Lord said: http://www.flickr.com/photos/verdammelt/3790935592/in/set-72157621948941882/</title>
	<link>http://verdammelt.posterous.com/and-the-lord-said-httpwwwflickrcomphotosverda</link>
	<pubDate>Tue Aug 04 19:16:31 -0700 2009</pubDate>
	
	<dc:creator><![CDATA[Mark Simpson]]></dc:creator>
	
	

	<category><![CDATA[Uncategorized]]></category>

	<category domain="category" nicename="uncategorized"><![CDATA[Uncategorized]]></category>

  <guid isPermaLink="false">http://verdammelt.posterous.com/and-the-lord-said-httpwwwflickrcomphotosverda</guid>
	<description></description>
	<content:encoded><![CDATA[The Lord looking down on Boston. I heard the chorus of angels singing: <p />&nbsp;&nbsp; Love that dirty water.... <br />&nbsp; Boston, you're my home.]]></content:encoded>
	<excerpt:encoded><![CDATA[The Lord looking down on Boston. I heard the chorus of angels singing: Love that dirty water.... Boston, you're my home.]]></excerpt:encoded>	

	<wp:post_date>Tue Aug 04 19:16:31 -0700 2009</wp:post_date>
	<wp:post_date_gmt>%= display_date %></wp:post_date_gmt>
	<wp:comment_status>open</wp:comment_status>
	<wp:ping_status>open</wp:ping_status>
	<wp:post_name>and-the-lord-said-httpwwwflickrcomphotosverda</wp:post_name>
	<wp:status>publish</wp:status>
	<wp:post_parent>0</wp:post_parent>
	<wp:menu_order>0</wp:menu_order>
	<wp:post_type>post</wp:post_type>
	<wp:post_password></wp:post_password>
	<wp:is_sticky>0</wp:is_sticky>

	
</item>
