<item>
	<title>Co-commuter and i both decided to start saying 'hi' to each other today on #bikecommute</title>
	<link>http://verdammelt.posterous.com/co-commuter-and-i-both-decided-to-start-sayin</link>
	<pubDate>Wed Aug 05 20:10:37 -0700 2009</pubDate>
	
	<dc:creator><![CDATA[Mark Simpson]]></dc:creator>
	
	

	<category><![CDATA[Uncategorized]]></category>

	<category domain="category" nicename="uncategorized"><![CDATA[Uncategorized]]></category>

  <guid isPermaLink="false">http://verdammelt.posterous.com/co-commuter-and-i-both-decided-to-start-sayin</guid>
	<description></description>
	<content:encoded><![CDATA[I've recognized that this guy is the same guy I pass every day for about <br />2 weeks; he goes out-bound and I go in-bound in the morning; vice versa <br />in the evening. I guess we have similar schedules. <p />&nbsp;The last week or so I decided I should be friendly and nod and smile as <br />we pass. This morning I decided that if we passed, I'd say 'hi'. After all we <br />know each other now after a week of nodding and smiling ("I'm a biker, <br />you're a biker, we're both bikers" type nod-n-smile). <p />&nbsp;Turns out he decided that today was also the day to say 'hi'. As we <br />passed we both pretty much simultaneously said 'good morning'. <p />&nbsp;Friendly coincidence.]]></content:encoded>
	<excerpt:encoded><![CDATA[I've recognized that this guy is the same guy I pass every day for about 2 weeks; he goes out-bound and I go in-bound in the morning; vice versa in the evening. I guess we have similar schedules. The last week or so I decided I should be friendly ...]]></excerpt:encoded>	

	<wp:post_date>Wed Aug 05 20:10:37 -0700 2009</wp:post_date>
	<wp:post_date_gmt>%= display_date %></wp:post_date_gmt>
	<wp:comment_status>open</wp:comment_status>
	<wp:ping_status>open</wp:ping_status>
	<wp:post_name>co-commuter-and-i-both-decided-to-start-sayin</wp:post_name>
	<wp:status>publish</wp:status>
	<wp:post_parent>0</wp:post_parent>
	<wp:menu_order>0</wp:menu_order>
	<wp:post_type>post</wp:post_type>
	<wp:post_password></wp:post_password>
	<wp:is_sticky>0</wp:is_sticky>

	
</item>
