<item>
	<title>Writing in Journal while listening to Skeptics Guide podcast.</title>
	<link>http://verdammelt.posterous.com/writing-in-journal-while-liste</link>
	<pubDate>Sun Nov 02 13:29:14 -0800 2008</pubDate>
	
	<dc:creator><![CDATA[Mark Simpson]]></dc:creator>
	
	

	<category><![CDATA[Uncategorized]]></category>

	<category domain="category" nicename="uncategorized"><![CDATA[Uncategorized]]></category>

  <guid isPermaLink="false">http://verdammelt.posterous.com/writing-in-journal-while-liste</guid>
	<description></description>
	<content:encoded><![CDATA[It is National Novel Writing Month (<a href="http://www.nanowrimo.org">www.nanowrimo.org</a>) and while Wendy <br /> has decided to do that it is not something that i am interested in. <p />   However i have chosen to do something writing wise every day. I will <br /> write in my Journal every day. Along with that i'll be trying to update <br /> Twitter/Posterous every day as well. (I missed out on the first day of <br /> this self-goal due to a really nasty headache last night and i had <br /> stupidly left the journal writing until the evening... i have learned <br /> that lesson). <p />   (Hmm there seems to be a National Blog Posting Month <br /> (<a href="http://www.nablopomo.ning.com">www.nablopomo.ning.com</a>). I'll look into that.) <p />   Our week off in honor of our anniversary was good, but at the same time <br /> disappointing. First i came down with a cold on Saturday and then Wendy <br /> caught if from me. So we were both sick, but we were together. That <br /> was the important thing. We can have a anniversary dinner sometime in <br /> the next week when we are both feeling better.]]></content:encoded>
	<excerpt:encoded><![CDATA[It is National Novel Writing Month (www.nanowrimo.org) and while Wendy has decided to do that it is not something that i am interested in. However i have chosen to do something writing wise every day. I will write in my Journal every day. Along wi...]]></excerpt:encoded>	

	<wp:post_date>Sun Nov 02 13:29:14 -0800 2008</wp:post_date>
	<wp:post_date_gmt>%= display_date %></wp:post_date_gmt>
	<wp:comment_status>open</wp:comment_status>
	<wp:ping_status>open</wp:ping_status>
	<wp:post_name>writing-in-journal-while-liste</wp:post_name>
	<wp:status>publish</wp:status>
	<wp:post_parent>0</wp:post_parent>
	<wp:menu_order>0</wp:menu_order>
	<wp:post_type>post</wp:post_type>
	<wp:post_password></wp:post_password>
	<wp:is_sticky>0</wp:is_sticky>

	
</item>
