<item>
	<title>Journal entry for the day!  Election day!</title>
	<link>http://verdammelt.posterous.com/journal-entry-for-the-day-elec</link>
	<pubDate>Tue Nov 04 14:33:32 -0800 2008</pubDate>
	
	<dc:creator><![CDATA[Mark Simpson]]></dc:creator>
	
	

	<category><![CDATA[Uncategorized]]></category>

	<category domain="category" nicename="uncategorized"><![CDATA[Uncategorized]]></category>

  <guid isPermaLink="false">http://verdammelt.posterous.com/journal-entry-for-the-day-elec</guid>
	<description></description>
	<content:encoded><![CDATA[Sent via BlackBerry from T-Mobile<p><div class='p_embed p_image_embed'>
<a href="http://getfile1.posterous.com/getfile/files.posterous.com/verdammelt/Kexlua9BJRCsxwtPvVAruIppjlMCu8OpQf5BSXtYHF51FZNtrpigah5cWoDX/IMG00118.jpg.scaled.1000.jpg"><img alt="Img00118" height="400" src="http://getfile0.posterous.com/getfile/files.posterous.com/verdammelt/THFKhSZ2eaE7GaxES6olRMQsPrlk0hwoP8tTTPrBmXBByC0xVsJOKjq3p9ae/IMG00118.jpg.scaled.500.jpg" width="500" /></a>
</div>
</p>]]></content:encoded>
	<excerpt:encoded><![CDATA[Sent via BlackBerry from T-Mobile]]></excerpt:encoded>	

	<wp:post_date>Tue Nov 04 14:33:32 -0800 2008</wp:post_date>
	<wp:post_date_gmt>%= display_date %></wp:post_date_gmt>
	<wp:comment_status>open</wp:comment_status>
	<wp:ping_status>open</wp:ping_status>
	<wp:post_name>journal-entry-for-the-day-elec</wp:post_name>
	<wp:status>publish</wp:status>
	<wp:post_parent>0</wp:post_parent>
	<wp:menu_order>0</wp:menu_order>
	<wp:post_type>post</wp:post_type>
	<wp:post_password></wp:post_password>
	<wp:is_sticky>0</wp:is_sticky>

	
</item>
