<item>
	<title>EBS broke into Obama Acceptance Speech on NECN last night:</title>
	<link>http://verdammelt.posterous.com/ebn-broke-into-obama-acceptanc</link>
	<pubDate>Wed Nov 05 05:47:00 -0800 2008</pubDate>
	
	<dc:creator><![CDATA[Mark Simpson]]></dc:creator>
	
	

	<category><![CDATA[Uncategorized]]></category>

	<category domain="category" nicename="uncategorized"><![CDATA[Uncategorized]]></category>

  <guid isPermaLink="false">http://verdammelt.posterous.com/ebn-broke-into-obama-acceptanc</guid>
	<description></description>
	<content:encoded><![CDATA[<p>Wendy and i were watching the speech when suddently the screen went <br /> staticy and then finally the Emergency Broadcast System broke in. <br /> What happened?! Was their a tornado!? Nuclear Attack?! <br /> Assassination?! <p />  No. Just a scheduled test of the system. <p />  WTF! <p />  Wendy was angrily switching channels and switching to NPR for audio at <br /> least. I sat back and started laughing - it was just too silly, a <br /> case of such bad timing and lack of foresight. I figured i'd just <br /> have to listen to it again on YouTube today. Luckily it only lasted a <br /> short time and we got back to the speech without missing much.</p>]]></content:encoded>
	<excerpt:encoded><![CDATA[Wendy and i were watching the speech when suddently the screen went staticy and then finally the Emergency Broadcast System broke in. What happened?! Was their a tornado!? Nuclear Attack?! Assassination?! No. Just a scheduled test of the system. W...]]></excerpt:encoded>	

	<wp:post_date>Wed Nov 05 05:47:00 -0800 2008</wp:post_date>
	<wp:post_date_gmt>%= display_date %></wp:post_date_gmt>
	<wp:comment_status>open</wp:comment_status>
	<wp:ping_status>open</wp:ping_status>
	<wp:post_name>ebn-broke-into-obama-acceptanc</wp:post_name>
	<wp:status>publish</wp:status>
	<wp:post_parent>0</wp:post_parent>
	<wp:menu_order>0</wp:menu_order>
	<wp:post_type>post</wp:post_type>
	<wp:post_password></wp:post_password>
	<wp:is_sticky>0</wp:is_sticky>

	
</item>
