<item>
	<title>Does Software Craftstmanship have 'survival fitnesse' in my environment? (comment on @unclebobmartin QCon Keynote 2010)</title>
	<link>http://verdammelt.posterous.com/does-software-craftstmanship-have-survival-fi</link>
	<pubDate>Wed Jun 02 09:15:21 -0700 2010</pubDate>
	
	<dc:creator><![CDATA[Mark Simpson]]></dc:creator>
	
	
		<category domain="tag" nicename="softwarecrafstmanship"><![CDATA[softwarecrafstmanship]]></category>
	

	<category><![CDATA[Uncategorized]]></category>

	<category domain="category" nicename="uncategorized"><![CDATA[Uncategorized]]></category>

  <guid isPermaLink="false">http://verdammelt.posterous.com/does-software-craftstmanship-have-survival-fi</guid>
	<description></description>
	<content:encoded><![CDATA[<p>(Short comment on &quot;Convincing Others&#39; slide from Bob Martin&#39;s QCon 2010<br /> Keynote (~0:45:00 - 0:47:00 in the video<br /> (<a href="http://www.infoq.com/presentations/Robert-C.-Martin-Bad-Code)">http://www.infoq.com/presentations/Robert-C.-Martin-Bad-Code)</a>))</p> <p>Uncle Bob suggests that simply doing the best job you can, and sticking<br /> to your principles and disciplines can convince others that the<br /> craftsmanship approach is a better one.</p> <p>However that assumes that the Software Craftsmanship has a survival<br /> fitnesse greater than other approaches in your environment.</p> <p>If you are working in an environment where non-craftsmen are seen to be<br /> better (more features produced faster) than the craftsman (less features<br /> produced slower, but _better_) then no one will be convinced to change<br /> behavior. In such an environment there is no REASON to change - in fact<br /> changing would be detrimental.</p> <p>I currently fear that I work in such an environment.</p> <p>(I fully understand that this is a case of &#39;change your organization or<br /> change your organization&#39; (stress on the latter) - and I HAVE stuck with<br /> this position for too long given the conflict on values that seem to<br /> exist.)</p>]]></content:encoded>
	<excerpt:encoded><![CDATA[(Short comment on "Convincing Others' slide from Bob Martin's QCon 2010 Keynote (~0:45:00 - 0:47:00 in the video (http://www.infoq.com/presentations/Robert-C.-Martin-Bad-Code))) Uncle Bob suggests that simply doing the best job you can, and sticki...]]></excerpt:encoded>	

	<wp:post_date>Wed Jun 02 09:15:21 -0700 2010</wp:post_date>
	<wp:post_date_gmt>%= display_date %></wp:post_date_gmt>
	<wp:comment_status>open</wp:comment_status>
	<wp:ping_status>open</wp:ping_status>
	<wp:post_name>does-software-craftstmanship-have-survival-fi</wp:post_name>
	<wp:status>publish</wp:status>
	<wp:post_parent>0</wp:post_parent>
	<wp:menu_order>0</wp:menu_order>
	<wp:post_type>post</wp:post_type>
	<wp:post_password></wp:post_password>
	<wp:is_sticky>0</wp:is_sticky>

	
</item>
