<item>
	<title>First day of Deep Agile - done.  Note quite what I wanted/expected, but still interesting.</title>
	<link>http://verdammelt.posterous.com/first-day-of-deep-agile-done-n</link>
	<pubDate>Sat Nov 08 18:32:28 -0800 2008</pubDate>
	
	<dc:creator><![CDATA[Mark Simpson]]></dc:creator>
	
	

	<category><![CDATA[Uncategorized]]></category>

	<category domain="category" nicename="uncategorized"><![CDATA[Uncategorized]]></category>

  <guid isPermaLink="false">http://verdammelt.posterous.com/first-day-of-deep-agile-done-n</guid>
	<description></description>
	<content:encoded><![CDATA[Well the first day of Deep Agile is over. <p />   I was hoping for more concrete discussion about How/Why Agile is 'Hard', <br /> about TDD pro/con. Instead it was some of that from "Uncle Bob" (which <br /> I've basically heard before), and some very abstract/philosophical <br /> discussion from Cope about what 'Architecture' /is/. Cope's talk was <br /> all well and good - but not what I expected and/or wanted at this point <br /> from this conference unfortunately. <p />   That is not to say that his points were bad/wrong/uninteresting. I'll <br /> have to take some time to digest and perhaps I'll get something out of <br /> this. <p />   We'll see what tomorrow holds.]]></content:encoded>
	<excerpt:encoded><![CDATA[Well the first day of Deep Agile is over. I was hoping for more concrete discussion about How/Why Agile is 'Hard', about TDD pro/con. Instead it was some of that from "Uncle Bob" (which I've basically heard before), and some very abstract/philosop...]]></excerpt:encoded>	

	<wp:post_date>Sat Nov 08 18:32:28 -0800 2008</wp:post_date>
	<wp:post_date_gmt>%= display_date %></wp:post_date_gmt>
	<wp:comment_status>open</wp:comment_status>
	<wp:ping_status>open</wp:ping_status>
	<wp:post_name>first-day-of-deep-agile-done-n</wp:post_name>
	<wp:status>publish</wp:status>
	<wp:post_parent>0</wp:post_parent>
	<wp:menu_order>0</wp:menu_order>
	<wp:post_type>post</wp:post_type>
	<wp:post_password></wp:post_password>
	<wp:is_sticky>0</wp:is_sticky>

	
		<wp:comment>
			<!-- <wp:comment_id>5</wp:comment_id> -->
			<wp:comment_author><![CDATA[]]></wp:comment_author>
			<wp:comment_author_email></wp:comment_author_email>
			<wp:comment_author_url></wp:comment_author_url>
			<wp:comment_date>Mon Nov 10 13:42:30 -0800 2008</wp:comment_date>
			<wp:comment_date_gmt>Mon Nov 10 13:42:30 -0800 2008</wp:comment_date_gmt>
			<wp:comment_content><![CDATA[I attended too.  (A bit of a disclaimer:  I'm a new volunteer with agailebazaar.)  I had a bit of grounding in what Uncle Bob was about but Cope was a new entity to me.  It took me both days to adjust to Cope's personality and to understand where he was going with things.  I believe the seminar prepared me to challenge some beliefs and potential &quot;group thought&quot; that is forming among agile practitioners.  There has always been an ignorance towards testing in the large in this community.  Bob has been moving in the right direction with Fitnesse and he gave us some hints at how to use it.  The seminar required a lot of thinking power on the part of the audience.  For me, it's value was in giving me the avenues for further research rather than spoon feeding me in the present.  On the second day, there was a Q&amp;A (conversation) in which many more practical topics and participant scenarios were raised and discussed.  (I suspect the morning on Sunday was most beneficial to many of the participants.)  I'm happy to keep a discussion going here about what you and/or others may have gotten out of the seminar and what the next step we each can take to build on what the seminar started.

sincerely,
--
Bob Clancy]]></wp:comment_content>
			<wp:comment_approved>1</wp:comment_approved>
			<wp:comment_type></wp:comment_type>
			<wp:comment_parent>0</wp:comment_parent>
		</wp:comment>
	
		<wp:comment>
			<!-- <wp:comment_id>5</wp:comment_id> -->
			<wp:comment_author><![CDATA[]]></wp:comment_author>
			<wp:comment_author_email></wp:comment_author_email>
			<wp:comment_author_url></wp:comment_author_url>
			<wp:comment_date>Mon Nov 10 18:35:27 -0800 2008</wp:comment_date>
			<wp:comment_date_gmt>Mon Nov 10 18:35:27 -0800 2008</wp:comment_date_gmt>
			<wp:comment_content><![CDATA[(you are the person who was helping keep track of questioner's numbers &lt;br&gt; right?) &lt;br&gt; &lt;br&gt; I also knew what to expect from Uncle Bob. He's the one that came in to &lt;br&gt; train the team when we went to 'XP' and I've seen him talk on a few &lt;br&gt; occasions. Cope was also new to me. And like you it took me a while to &lt;br&gt; get used to him. &lt;br&gt; &lt;br&gt; I think his combativeness against questioners can be unproductive as it &lt;br&gt; might cause a breakdown of conversation and dialogue which seem to be &lt;br&gt; very important to him. He is passionate about things and that is GREAT &lt;br&gt; but it can turn people off and make them stop listening. &lt;br&gt; &lt;br&gt; What I took most from Cope is 1) Think 2) Its about the people. &lt;br&gt; &lt;br&gt; I'm glad that Agile Bazaar had this conference and I am glad I went. &lt;br&gt; Just because it wasn't what I wanted/expected doesn't mean it was not &lt;br&gt; what i /needed/! ]]></wp:comment_content>
			<wp:comment_approved>1</wp:comment_approved>
			<wp:comment_type></wp:comment_type>
			<wp:comment_parent>0</wp:comment_parent>
		</wp:comment>
	
		<wp:comment>
			<!-- <wp:comment_id>5</wp:comment_id> -->
			<wp:comment_author><![CDATA[]]></wp:comment_author>
			<wp:comment_author_email></wp:comment_author_email>
			<wp:comment_author_url></wp:comment_author_url>
			<wp:comment_date>Tue Nov 11 06:54:35 -0800 2008</wp:comment_date>
			<wp:comment_date_gmt>Tue Nov 11 06:54:35 -0800 2008</wp:comment_date_gmt>
			<wp:comment_content><![CDATA[Yes, that's me.  You and I also sat across from each other at the pub dinner.

It took an extra night of dinner and beer before I was able to grok that people hijacking terms is a hot-button of Cope's (and that he wants people to think about what they are doing and make informed decisions).  I think he and I are likely to have some email/list conversations somewhere where we'll probably share some ideas on both test (from me) and lean (from him).

You absolutely right about the seminar &quot;being what we need&quot;.  If you haven't already, will you be willing to join the Agile Bazaar Yahoo Group (http://tech.groups.yahoo.com/group/AgileBazaar/).

regards,
--
Bob]]></wp:comment_content>
			<wp:comment_approved>1</wp:comment_approved>
			<wp:comment_type></wp:comment_type>
			<wp:comment_parent>0</wp:comment_parent>
		</wp:comment>
	
		<wp:comment>
			<!-- <wp:comment_id>5</wp:comment_id> -->
			<wp:comment_author><![CDATA[]]></wp:comment_author>
			<wp:comment_author_email></wp:comment_author_email>
			<wp:comment_author_url></wp:comment_author_url>
			<wp:comment_date>Tue Nov 11 07:13:05 -0800 2008</wp:comment_date>
			<wp:comment_date_gmt>Tue Nov 11 07:13:05 -0800 2008</wp:comment_date_gmt>
			<wp:comment_content><![CDATA[I'm aleady on the mailing list and am looking forward to more &lt;br&gt; discussions/meetings with other 'agile' types. ]]></wp:comment_content>
			<wp:comment_approved>1</wp:comment_approved>
			<wp:comment_type></wp:comment_type>
			<wp:comment_parent>0</wp:comment_parent>
		</wp:comment>
	
</item>
