<item>
	<title>Uncle Bob telling us something.</title>
	<link>http://verdammelt.posterous.com/uncle-bob-telling-us-something</link>
	<pubDate>Sun Nov 09 08:39:53 -0800 2008</pubDate>
	
	<dc:creator><![CDATA[Mark Simpson]]></dc:creator>
	
	

	<category><![CDATA[Uncategorized]]></category>

	<category domain="category" nicename="uncategorized"><![CDATA[Uncategorized]]></category>

  <guid isPermaLink="false">http://verdammelt.posterous.com/uncle-bob-telling-us-something</guid>
	<description></description>
	<content:encoded><![CDATA[Sent via BlackBerry from T-Mobile<p><div class='p_embed p_image_embed'>
<img alt="Img00121" height="384" src="http://getfile2.posterous.com/getfile/files.posterous.com/verdammelt/cCebiZx3YCScFEdl1MfoExRN5be50043x7lfUDn5gioH1lRY2jeJ1DL2OdP2/IMG00121.jpg" width="480" />
</div>
</p>]]></content:encoded>
	<excerpt:encoded><![CDATA[Sent via BlackBerry from T-Mobile]]></excerpt:encoded>	

	<wp:post_date>Sun Nov 09 08:39:53 -0800 2008</wp:post_date>
	<wp:post_date_gmt>%= display_date %></wp:post_date_gmt>
	<wp:comment_status>open</wp:comment_status>
	<wp:ping_status>open</wp:ping_status>
	<wp:post_name>uncle-bob-telling-us-something</wp:post_name>
	<wp:status>publish</wp:status>
	<wp:post_parent>0</wp:post_parent>
	<wp:menu_order>0</wp:menu_order>
	<wp:post_type>post</wp:post_type>
	<wp:post_password></wp:post_password>
	<wp:is_sticky>0</wp:is_sticky>

	
</item>
