<item>
	<title>Sitting down after pleasant (but VERY WINDY) bike ride with Wendy to pick up a book (which is her reward for meeting her NaNoWriMo goal)</title>
	<link>http://verdammelt.posterous.com/sitting-down-after-pleasant-bu</link>
	<pubDate>Sun Nov 16 10:43:02 -0800 2008</pubDate>
	
	<dc:creator><![CDATA[Mark Simpson]]></dc:creator>
	
	

	<category><![CDATA[Uncategorized]]></category>

	<category domain="category" nicename="uncategorized"><![CDATA[Uncategorized]]></category>

  <guid isPermaLink="false">http://verdammelt.posterous.com/sitting-down-after-pleasant-bu</guid>
	<description></description>
	<content:encoded><![CDATA[The Black Schwinn is working out well even without first gear. However <br /> there is some sort of shimmy in the front or rear wheel and the saddle & <br /> stem are too low. Raised those some and will have to look into the <br /> shimmy. <p />   The ride down the Esplanade was lovely; but very very windy. Coming <br /> back with the wind in our faces we decided to walk some - i think it was <br /> faster. I knew we were riding slowly when a jogger passed us. <p />   This afternoon's plan: reading Dark Heresy rules, laundry, other reading <br /> and maybe some programming (Project Euler probably). Wendy will be <br /> writing her novel. When she reaches her goal for the weekend she can <br /> sit down and read the book she bought - but not before!]]></content:encoded>
	<excerpt:encoded><![CDATA[The Black Schwinn is working out well even without first gear. However there is some sort of shimmy in the front or rear wheel and the saddle & stem are too low. Raised those some and will have to look into the shimmy. The ride down the Esplanade ...]]></excerpt:encoded>	

	<wp:post_date>Sun Nov 16 10:43:02 -0800 2008</wp:post_date>
	<wp:post_date_gmt>%= display_date %></wp:post_date_gmt>
	<wp:comment_status>open</wp:comment_status>
	<wp:ping_status>open</wp:ping_status>
	<wp:post_name>sitting-down-after-pleasant-bu</wp:post_name>
	<wp:status>publish</wp:status>
	<wp:post_parent>0</wp:post_parent>
	<wp:menu_order>0</wp:menu_order>
	<wp:post_type>post</wp:post_type>
	<wp:post_password></wp:post_password>
	<wp:is_sticky>0</wp:is_sticky>

	
</item>
