<item>
	<title>Google phone camera experiments</title>
	<link>http://verdammelt.posterous.com/google-phone-camera-experiments</link>
	<pubDate>Fri Jul 30 17:21:13 -0700 2010</pubDate>
	
	<dc:creator><![CDATA[Mark Simpson]]></dc:creator>
	
	

	<category><![CDATA[Uncategorized]]></category>

	<category domain="category" nicename="uncategorized"><![CDATA[Uncategorized]]></category>

  <guid isPermaLink="false">http://verdammelt.posterous.com/google-phone-camera-experiments</guid>
	<description></description>
	<content:encoded><![CDATA[<p>Taken through a glass patio table.</p> <p><div class='p_embed p_image_embed'>
<a href="http://getfile9.posterous.com/getfile/files.posterous.com/verdammelt/VKxJvXcaZJfq9ArmKHSNCzopGmBnHJXK05MGcGTHtPngF48Q7lP4VNtcZYBj/2010-07-30_20.14.05.jpg.scaled.1000.jpg"><img alt="2010-07-30_20" height="667" src="http://getfile8.posterous.com/getfile/files.posterous.com/verdammelt/SEqG3DLIYiWifxI5csERIexs31YBynF8Xt42QL7OEFkEOzMNmlvJ8OQwKtQA/2010-07-30_20.14.05.jpg.scaled.500.jpg" width="500" /></a>
<a href="http://getfile4.posterous.com/getfile/files.posterous.com/verdammelt/SwTG6T8bD9aKZ5PkCRqnkArDzr2sRZGHk4ROpKHpnV2pwVVFEC7fIBAA30Oo/2010-07-30_20.13.52.jpg.scaled.1000.jpg"><img alt="2010-07-30_20" height="667" src="http://getfile3.posterous.com/getfile/files.posterous.com/verdammelt/N9AonaSB9SysGhIdrRHiD0fNo4ks5vPnFu8nqJupxmwf3gZ8UlUxdSjJVGcf/2010-07-30_20.13.52.jpg.scaled.500.jpg" width="500" /></a>
<a href="http://getfile0.posterous.com/getfile/files.posterous.com/verdammelt/TodeJwmkKcrqKsmN2fFh4l8rzPLIgc5xCyDnCiiqAiypqKDBmPnlvlBQ2R3s/2010-07-30_20.13.41.jpg.scaled.1000.jpg"><img alt="2010-07-30_20" height="667" src="http://getfile9.posterous.com/getfile/files.posterous.com/verdammelt/nrHa18ACbZLFvKSxdBsoGr0NzI9daVSbj1qyHfavIBNefXYwdm0vNt2oCVtf/2010-07-30_20.13.41.jpg.scaled.500.jpg" width="500" /></a>
<a href="http://getfile5.posterous.com/getfile/files.posterous.com/verdammelt/6pLtmNpgFSjBe8B7kqrDiN4d6z3cl9qHE8pSHK5qPnnTnD7C9Gobv7n7enHM/2010-07-30_20.13.33.jpg.scaled.1000.jpg"><img alt="2010-07-30_20" height="667" src="http://getfile4.posterous.com/getfile/files.posterous.com/verdammelt/2h8gY7iLGPN3myOsDR9skMfbPLeVBdf2HMLeAjpW8RgkHIcPojPTlowlBEAO/2010-07-30_20.13.33.jpg.scaled.500.jpg" width="500" /></a>
</div>
</p>]]></content:encoded>
	<excerpt:encoded><![CDATA[Taken through a glass patio table.]]></excerpt:encoded>	

	<wp:post_date>Fri Jul 30 17:21:13 -0700 2010</wp:post_date>
	<wp:post_date_gmt>%= display_date %></wp:post_date_gmt>
	<wp:comment_status>open</wp:comment_status>
	<wp:ping_status>open</wp:ping_status>
	<wp:post_name>google-phone-camera-experiments</wp:post_name>
	<wp:status>publish</wp:status>
	<wp:post_parent>0</wp:post_parent>
	<wp:menu_order>0</wp:menu_order>
	<wp:post_type>post</wp:post_type>
	<wp:post_password></wp:post_password>
	<wp:is_sticky>0</wp:is_sticky>

	
</item>
