<item>
	<title>My Wife the Novelist</title>
	<link>http://verdammelt.posterous.com/my-wife-the-novelist</link>
	<pubDate>Sun Nov 30 08:34:28 -0800 2008</pubDate>
	
	<dc:creator><![CDATA[Mark Simpson]]></dc:creator>
	
	

	<category><![CDATA[Uncategorized]]></category>

	<category domain="category" nicename="uncategorized"><![CDATA[Uncategorized]]></category>

  <guid isPermaLink="false">http://verdammelt.posterous.com/my-wife-the-novelist</guid>
	<description></description>
	<content:encoded><![CDATA[Wendy completed her story yesterday early evening with 50,643 words. <br />She says she'll let me read it, i am honored. <p />&nbsp;Now if i could only go and complete some of my 'projects' like that. <br />One take-away of the <a href="www.naniwrimo.com">NaNiWriMo</a> is to <br />have a goal and a deadline. The goal should be a bit difficult but <br />doable. <p />&nbsp;I'll have to try to fit that into my projects. That might help me get <br />things done.]]></content:encoded>
	<excerpt:encoded><![CDATA[Wendy completed her story yesterday early evening with 50,643 words. She says she'll let me read it, i am honored. Now if i could only go and complete some of my 'projects' like that. One take-away of the NaNiWriMo is to have a goal and a deadline...]]></excerpt:encoded>	

	<wp:post_date>Sun Nov 30 08:34:28 -0800 2008</wp:post_date>
	<wp:post_date_gmt>%= display_date %></wp:post_date_gmt>
	<wp:comment_status>open</wp:comment_status>
	<wp:ping_status>open</wp:ping_status>
	<wp:post_name>my-wife-the-novelist</wp:post_name>
	<wp:status>publish</wp:status>
	<wp:post_parent>0</wp:post_parent>
	<wp:menu_order>0</wp:menu_order>
	<wp:post_type>post</wp:post_type>
	<wp:post_password></wp:post_password>
	<wp:is_sticky>0</wp:is_sticky>

	
</item>
