<item>
	<title>After work drinks with Wendy mmmm</title>
	<link>http://verdammelt.posterous.com/after-work-drinks-with-wendy-m</link>
	<pubDate>Wed Dec 17 15:26:58 -0800 2008</pubDate>
	
	<dc:creator><![CDATA[Mark Simpson]]></dc:creator>
	
	

	<category><![CDATA[Uncategorized]]></category>

	<category domain="category" nicename="uncategorized"><![CDATA[Uncategorized]]></category>

  <guid isPermaLink="false">http://verdammelt.posterous.com/after-work-drinks-with-wendy-m</guid>
	<description></description>
	<content:encoded><![CDATA[Sent via BlackBerry from T-Mobile]]></content:encoded>
	<excerpt:encoded><![CDATA[Sent via BlackBerry from T-Mobile]]></excerpt:encoded>	

	<wp:post_date>Wed Dec 17 15:26:58 -0800 2008</wp:post_date>
	<wp:post_date_gmt>%= display_date %></wp:post_date_gmt>
	<wp:comment_status>open</wp:comment_status>
	<wp:ping_status>open</wp:ping_status>
	<wp:post_name>after-work-drinks-with-wendy-m</wp:post_name>
	<wp:status>publish</wp:status>
	<wp:post_parent>0</wp:post_parent>
	<wp:menu_order>0</wp:menu_order>
	<wp:post_type>post</wp:post_type>
	<wp:post_password></wp:post_password>
	<wp:is_sticky>0</wp:is_sticky>

	
</item>
