<item>
	<title>Toledo Ohio - 2 am</title>
	<link>http://verdammelt.posterous.com/toledo-ohio-2-am</link>
	<pubDate>Fri Aug 28 23:14:20 -0700 2009</pubDate>
	
	<dc:creator><![CDATA[Mark Simpson]]></dc:creator>
	
	

	<category><![CDATA[Uncategorized]]></category>

	<category domain="category" nicename="uncategorized"><![CDATA[Uncategorized]]></category>

  <guid isPermaLink="false">http://verdammelt.posterous.com/toledo-ohio-2-am</guid>
	<description></description>
	<content:encoded><![CDATA[<div class='p_embed p_image_embed'>
<a href="http://getfile4.posterous.com/getfile/files.posterous.com/verdammelt/TTpuArgJ3ECOF19ucGLsUuEfOOXf39ZGpcQA7ggHB2PGhuwaSyKmTLkmvAp7/2009-08-29_02.12.49.jpg.scaled.1000.jpg"><img alt="2009-08-29_02" height="667" src="http://getfile2.posterous.com/getfile/files.posterous.com/verdammelt/Tb8tudzLmriUuA2DeTlY9oPp2539p8laRyqhAli6ikWunpW5FfUdYHPIjobi/2009-08-29_02.12.49.jpg.scaled.500.jpg" width="500" /></a>
</div>
]]></content:encoded>
	<excerpt:encoded><![CDATA[]]></excerpt:encoded>	

	<wp:post_date>Fri Aug 28 23:14:20 -0700 2009</wp:post_date>
	<wp:post_date_gmt>%= display_date %></wp:post_date_gmt>
	<wp:comment_status>open</wp:comment_status>
	<wp:ping_status>open</wp:ping_status>
	<wp:post_name>toledo-ohio-2-am</wp:post_name>
	<wp:status>publish</wp:status>
	<wp:post_parent>0</wp:post_parent>
	<wp:menu_order>0</wp:menu_order>
	<wp:post_type>post</wp:post_type>
	<wp:post_password></wp:post_password>
	<wp:is_sticky>0</wp:is_sticky>

	
</item>
