<item>
	<title>At Sanders theatre for the Christmas Revels</title>
	<link>http://verdammelt.posterous.com/at-sanders-theatre-for-the-chr</link>
	<pubDate>Sat Dec 20 16:22:18 -0800 2008</pubDate>
	
	<dc:creator><![CDATA[Mark Simpson]]></dc:creator>
	
	

	<category><![CDATA[Uncategorized]]></category>

	<category domain="category" nicename="uncategorized"><![CDATA[Uncategorized]]></category>

  <guid isPermaLink="false">http://verdammelt.posterous.com/at-sanders-theatre-for-the-chr</guid>
	<description></description>
	<content:encoded><![CDATA[Sent via BlackBerry from T-Mobile<p><div class='p_embed p_image_embed'>
<a href="http://getfile0.posterous.com/getfile/files.posterous.com/verdammelt/i14AKF5kV53fIgxdDKDpmwfYJvFEo5xbFarcdnd3xJ97bRFcwL6JlxZp3ob1/IMG00122.jpg.scaled.1000.jpg"><img alt="Img00122" height="400" src="http://getfile9.posterous.com/getfile/files.posterous.com/verdammelt/0kWDkm3PwN7d13txWZ50EEGgLKyf0UNdLO8zXNYD5FJPzIHzmVCqSiWqAb2m/IMG00122.jpg.scaled.500.jpg" width="500" /></a>
</div>
</p>]]></content:encoded>
	<excerpt:encoded><![CDATA[Sent via BlackBerry from T-Mobile]]></excerpt:encoded>	

	<wp:post_date>Sat Dec 20 16:22:18 -0800 2008</wp:post_date>
	<wp:post_date_gmt>%= display_date %></wp:post_date_gmt>
	<wp:comment_status>open</wp:comment_status>
	<wp:ping_status>open</wp:ping_status>
	<wp:post_name>at-sanders-theatre-for-the-chr</wp:post_name>
	<wp:status>publish</wp:status>
	<wp:post_parent>0</wp:post_parent>
	<wp:menu_order>0</wp:menu_order>
	<wp:post_type>post</wp:post_type>
	<wp:post_password></wp:post_password>
	<wp:is_sticky>0</wp:is_sticky>

	
</item>
