<item>
	<title>Skimming/rereading Refactoring[Fowler].  Why didn't this stuff sink in earlier?  Also feeling a bit dumb - i could do OO better.</title>
	<link>http://verdammelt.posterous.com/skimmingrereading-refactoringf</link>
	<pubDate>Sun Dec 28 19:40:17 -0800 2008</pubDate>
	
	<dc:creator><![CDATA[Mark Simpson]]></dc:creator>
	
	

	<category><![CDATA[Uncategorized]]></category>

	<category domain="category" nicename="uncategorized"><![CDATA[Uncategorized]]></category>

  <guid isPermaLink="false">http://verdammelt.posterous.com/skimmingrereading-refactoringf</guid>
	<description></description>
	<content:encoded><![CDATA[Looking at what was written i see plenty of TDD (or at least plenty of <br />unit testing) which leverages the ability to refactor; and leverages the <br />ability to make changes quickly and thus be quicker to deliver those <br />changes. <p />&nbsp;I also see plenty about simple design vs. big up-front design. <p />&nbsp;Why didn't this stuff get into my head when i first read this book? <br />Nowadays I'm all over this "agile" stuff. <p />&nbsp;Also i feel like i do OO pretty poorly. I need to work or that more - <br />to be more proficient at it. I guess i am just much more of a <br />declarative/imperative sort of programmer at present (even after all <br />this time working in OO languages).]]></content:encoded>
	<excerpt:encoded><![CDATA[Looking at what was written i see plenty of TDD (or at least plenty of unit testing) which leverages the ability to refactor; and leverages the ability to make changes quickly and thus be quicker to deliver those changes. I also see plenty about s...]]></excerpt:encoded>	

	<wp:post_date>Sun Dec 28 19:40:17 -0800 2008</wp:post_date>
	<wp:post_date_gmt>%= display_date %></wp:post_date_gmt>
	<wp:comment_status>open</wp:comment_status>
	<wp:ping_status>open</wp:ping_status>
	<wp:post_name>skimmingrereading-refactoringf</wp:post_name>
	<wp:status>publish</wp:status>
	<wp:post_parent>0</wp:post_parent>
	<wp:menu_order>0</wp:menu_order>
	<wp:post_type>post</wp:post_type>
	<wp:post_password></wp:post_password>
	<wp:is_sticky>0</wp:is_sticky>

	
</item>
