<item>
	<title>Going to be a long trip to Chicago, started near Jupiter.</title>
	<link>http://verdammelt.posterous.com/going-to-be-a-long-trip-to-chicago-started-ne</link>
	<pubDate>Wed Oct 13 10:05:32 -0700 2010</pubDate>
	
	<dc:creator><![CDATA[Mark Simpson]]></dc:creator>
	
	

	<category><![CDATA[Uncategorized]]></category>

	<category domain="category" nicename="uncategorized"><![CDATA[Uncategorized]]></category>

  <guid isPermaLink="false">http://verdammelt.posterous.com/going-to-be-a-long-trip-to-chicago-started-ne</guid>
	<description></description>
	<content:encoded><![CDATA[<div class='p_embed p_image_embed'>
<a href="http://getfile5.posterous.com/getfile/files.posterous.com/verdammelt/suHMKdybaAll3VxbIs1t4D5SmGFf7Ah03IMd6G7NHfETSYodtlHe83d5CYz3/2010-10-13_11.26.37.jpg.scaled.1000.jpg"><img alt="2010-10-13_11" height="375" src="http://getfile4.posterous.com/getfile/files.posterous.com/verdammelt/RXH7T94FLQBxy4A0g5sESlFqtcBCOPv5WnsB8bkBkzpGh4acN6OBVEHpnWOw/2010-10-13_11.26.37.jpg.scaled.500.jpg" width="500" /></a>
</div>
]]></content:encoded>
	<excerpt:encoded><![CDATA[]]></excerpt:encoded>	

	<wp:post_date>Wed Oct 13 10:05:32 -0700 2010</wp:post_date>
	<wp:post_date_gmt>%= display_date %></wp:post_date_gmt>
	<wp:comment_status>open</wp:comment_status>
	<wp:ping_status>open</wp:ping_status>
	<wp:post_name>going-to-be-a-long-trip-to-chicago-started-ne</wp:post_name>
	<wp:status>publish</wp:status>
	<wp:post_parent>0</wp:post_parent>
	<wp:menu_order>0</wp:menu_order>
	<wp:post_type>post</wp:post_type>
	<wp:post_password></wp:post_password>
	<wp:is_sticky>0</wp:is_sticky>

	
</item>
