<item>
	<title>713</title>
	<link>http://verdammelt.posterous.com/713</link>
	<pubDate>Mon Oct 18 13:17:00 -0700 2010</pubDate>
	
	<dc:creator><![CDATA[Mark Simpson]]></dc:creator>
	
	

	<category><![CDATA[Uncategorized]]></category>

	<category domain="category" nicename="uncategorized"><![CDATA[Uncategorized]]></category>

  <guid isPermaLink="false">http://verdammelt.posterous.com/713</guid>
	<description></description>
	<content:encoded><![CDATA[<div class='p_embed p_image_embed'>
<a href="http://getfile8.posterous.com/getfile/files.posterous.com/verdammelt/E17eaizrSfp1CgaxNgRI4gKsIsqnJlYFQYqLjtK1UGMSPOob5Usnfs7x17v3/2010-10-18_15.45.20.jpg.scaled.1000.jpg"><img alt="2010-10-18_15" height="375" src="http://getfile7.posterous.com/getfile/files.posterous.com/verdammelt/bzdLwJsO90iqwuGEI9kc81GGWMLmW08yUN19X3GcfvMNDKE3SpA0mhm0Qq5I/2010-10-18_15.45.20.jpg.scaled.500.jpg" width="500" /></a>
</div>
]]></content:encoded>
	<excerpt:encoded><![CDATA[]]></excerpt:encoded>	

	<wp:post_date>Mon Oct 18 13:17:00 -0700 2010</wp:post_date>
	<wp:post_date_gmt>%= display_date %></wp:post_date_gmt>
	<wp:comment_status>open</wp:comment_status>
	<wp:ping_status>open</wp:ping_status>
	<wp:post_name>713</wp:post_name>
	<wp:status>publish</wp:status>
	<wp:post_parent>0</wp:post_parent>
	<wp:menu_order>0</wp:menu_order>
	<wp:post_type>post</wp:post_type>
	<wp:post_password></wp:post_password>
	<wp:is_sticky>0</wp:is_sticky>

	
</item>
