<item>
	<title>OMG: I can see the fnords! (Or least one...)</title>
	<link>http://verdammelt.posterous.com/omg-i-can-see-the-fnords-or-le</link>
	<pubDate>Mon Jan 05 20:04:25 -0800 2009</pubDate>
	
	<dc:creator><![CDATA[Mark Simpson]]></dc:creator>
	
	

	<category><![CDATA[Uncategorized]]></category>

	<category domain="category" nicename="uncategorized"><![CDATA[Uncategorized]]></category>

  <guid isPermaLink="false">http://verdammelt.posterous.com/omg-i-can-see-the-fnords-or-le</guid>
	<description></description>
	<content:encoded><![CDATA[Getting off the Red Line in Harvard Sq. after work today i saw a small <br />sticker pasted over the writing that is just to the side of the doors. <br />The small sticker said simply "fnord". <p />&nbsp;Of course these stickers have existed for decades now i am sure. But <br />somehow, coincidentally, improbably, i have never seen one until just <br />now - a mere week(-ish) or so after i read The Illumanatus! Trilogy. <br />(No, i had never read the damn thing before... yeah, yeah i know i am <br />some 20+ years late on it... so sue me!). <p />&nbsp;I wish i had seen it earlier so i could have at least gotten a cellphone <br />picture of it. But of course what would it have looked like? A digital <br />photograph of a fnord?]]></content:encoded>
	<excerpt:encoded><![CDATA[Getting off the Red Line in Harvard Sq. after work today i saw a small sticker pasted over the writing that is just to the side of the doors. The small sticker said simply "fnord". Of course these stickers have existed for decades now i am sure. B...]]></excerpt:encoded>	

	<wp:post_date>Mon Jan 05 20:04:25 -0800 2009</wp:post_date>
	<wp:post_date_gmt>%= display_date %></wp:post_date_gmt>
	<wp:comment_status>open</wp:comment_status>
	<wp:ping_status>open</wp:ping_status>
	<wp:post_name>omg-i-can-see-the-fnords-or-le</wp:post_name>
	<wp:status>publish</wp:status>
	<wp:post_parent>0</wp:post_parent>
	<wp:menu_order>0</wp:menu_order>
	<wp:post_type>post</wp:post_type>
	<wp:post_password></wp:post_password>
	<wp:is_sticky>0</wp:is_sticky>

	
</item>
