<item>
	<title>Opening act: Ground to Dust</title>
	<link>http://verdammelt.posterous.com/opening-act-ground-to-dust</link>
	<pubDate>Wed Jan 14 18:48:30 -0800 2009</pubDate>
	
	<dc:creator><![CDATA[Mark Simpson]]></dc:creator>
	
	

	<category><![CDATA[Uncategorized]]></category>

	<category domain="category" nicename="uncategorized"><![CDATA[Uncategorized]]></category>

  <guid isPermaLink="false">http://verdammelt.posterous.com/opening-act-ground-to-dust</guid>
	<description></description>
	<content:encoded><![CDATA[<div class='p_embed p_image_embed'>
<img alt="Img00137" height="384" src="http://getfile8.posterous.com/getfile/files.posterous.com/verdammelt/fXWDSvJImiJGhb6KBqpmr7hCP2ivrBJqStUe0fTwtb0BPYW6WDzEmWKSP9SR/IMG00137.jpg" width="480" />
</div>
<p>Sent via BlackBerry from T-Mobile</p>]]></content:encoded>
	<excerpt:encoded><![CDATA[Sent via BlackBerry from T-Mobile]]></excerpt:encoded>	

	<wp:post_date>Wed Jan 14 18:48:30 -0800 2009</wp:post_date>
	<wp:post_date_gmt>%= display_date %></wp:post_date_gmt>
	<wp:comment_status>open</wp:comment_status>
	<wp:ping_status>open</wp:ping_status>
	<wp:post_name>opening-act-ground-to-dust</wp:post_name>
	<wp:status>publish</wp:status>
	<wp:post_parent>0</wp:post_parent>
	<wp:menu_order>0</wp:menu_order>
	<wp:post_type>post</wp:post_type>
	<wp:post_password></wp:post_password>
	<wp:is_sticky>0</wp:is_sticky>

	
</item>
