<item>
	<title>Seabound</title>
	<link>http://verdammelt.posterous.com/seabound</link>
	<pubDate>Wed Jan 14 19:39:54 -0800 2009</pubDate>
	
	<dc:creator><![CDATA[Mark Simpson]]></dc:creator>
	
	

	<category><![CDATA[Uncategorized]]></category>

	<category domain="category" nicename="uncategorized"><![CDATA[Uncategorized]]></category>

  <guid isPermaLink="false">http://verdammelt.posterous.com/seabound</guid>
	<description></description>
	<content:encoded><![CDATA[<div class='p_embed p_image_embed'>
<a href="http://getfile9.posterous.com/getfile/files.posterous.com/verdammelt/cpZjDGCaTb0e9Yo1E8frs83WyYAwmRXlNewUyCWuIUb8TVsAXcwwD5vz7nsI/IMG00138.jpg.scaled.1000.jpg"><img alt="Img00138" height="400" src="http://getfile8.posterous.com/getfile/files.posterous.com/verdammelt/FNbUDO7TkqN0Cmpq9AlkoS139AkkEIXVTdLTc7USOvxFwGAjUK3H3hOn44nS/IMG00138.jpg.scaled.500.jpg" width="500" /></a>
</div>
<p>Sent via BlackBerry from T-Mobile</p>]]></content:encoded>
	<excerpt:encoded><![CDATA[Sent via BlackBerry from T-Mobile]]></excerpt:encoded>	

	<wp:post_date>Wed Jan 14 19:39:54 -0800 2009</wp:post_date>
	<wp:post_date_gmt>%= display_date %></wp:post_date_gmt>
	<wp:comment_status>open</wp:comment_status>
	<wp:ping_status>open</wp:ping_status>
	<wp:post_name>seabound</wp:post_name>
	<wp:status>publish</wp:status>
	<wp:post_parent>0</wp:post_parent>
	<wp:menu_order>0</wp:menu_order>
	<wp:post_type>post</wp:post_type>
	<wp:post_password></wp:post_password>
	<wp:is_sticky>0</wp:is_sticky>

	
</item>
