<item>
	<title>I need a name for my bike (http://tinyurl.com/7bt6fc).  Any suggestions?</title>
	<link>http://verdammelt.posterous.com/i-need-a-name-for-my-bike-http</link>
	<pubDate>Thu Jan 22 16:58:25 -0800 2009</pubDate>
	
	<dc:creator><![CDATA[Mark Simpson]]></dc:creator>
	
	

	<category><![CDATA[Uncategorized]]></category>

	<category domain="category" nicename="uncategorized"><![CDATA[Uncategorized]]></category>

  <guid isPermaLink="false">http://verdammelt.posterous.com/i-need-a-name-for-my-bike-http</guid>
	<description></description>
	<content:encoded><![CDATA[<div class='p_embed p_file_embed'>
<a href="http://getfile2.posterous.com/getfile/files.posterous.com/verdammelt/aJ2sBdRqUhEFekCd2rHM94epf7tPkrUrGFxRXbCiTQBKFYU0I7CDAw0GOGoh/unknownname.out"><div class='p_icon'></div>
<div class='p_text'>unknownname.out</div>
</a></div>
]]></content:encoded>
	<excerpt:encoded><![CDATA[]]></excerpt:encoded>	

	<wp:post_date>Thu Jan 22 16:58:25 -0800 2009</wp:post_date>
	<wp:post_date_gmt>%= display_date %></wp:post_date_gmt>
	<wp:comment_status>open</wp:comment_status>
	<wp:ping_status>open</wp:ping_status>
	<wp:post_name>i-need-a-name-for-my-bike-http</wp:post_name>
	<wp:status>publish</wp:status>
	<wp:post_parent>0</wp:post_parent>
	<wp:menu_order>0</wp:menu_order>
	<wp:post_type>post</wp:post_type>
	<wp:post_password></wp:post_password>
	<wp:is_sticky>0</wp:is_sticky>

	
</item>
