<item>
	<title>MIT road sign</title>
	<link>http://verdammelt.posterous.com/mit-road-sign</link>
	<pubDate>Mon Sep 07 12:48:46 -0700 2009</pubDate>
	
	<dc:creator><![CDATA[Mark Simpson]]></dc:creator>
	
	

	<category><![CDATA[Uncategorized]]></category>

	<category domain="category" nicename="uncategorized"><![CDATA[Uncategorized]]></category>

  <guid isPermaLink="false">http://verdammelt.posterous.com/mit-road-sign</guid>
	<description></description>
	<content:encoded><![CDATA[<div class='p_embed p_image_embed'>
<a href="http://getfile1.posterous.com/getfile/files.posterous.com/verdammelt/N3hufMvtXNmLvTPoneJuKxUnSLqoTVPEbcoryVXK1mqb0Q7QbB2J2wm8jHGk/2009-09-07_15.16.45.jpg.scaled.1000.jpg"><img alt="2009-09-07_15" height="375" src="http://getfile9.posterous.com/getfile/files.posterous.com/verdammelt/L4QxB2egGAXIeiYIXT5bEjP1hK4BDJmSmagFXfoMgb6Bo3ZanTfFUy9zuOEM/2009-09-07_15.16.45.jpg.scaled.500.jpg" width="500" /></a>
</div>
]]></content:encoded>
	<excerpt:encoded><![CDATA[]]></excerpt:encoded>	

	<wp:post_date>Mon Sep 07 12:48:46 -0700 2009</wp:post_date>
	<wp:post_date_gmt>%= display_date %></wp:post_date_gmt>
	<wp:comment_status>open</wp:comment_status>
	<wp:ping_status>open</wp:ping_status>
	<wp:post_name>mit-road-sign</wp:post_name>
	<wp:status>publish</wp:status>
	<wp:post_parent>0</wp:post_parent>
	<wp:menu_order>0</wp:menu_order>
	<wp:post_type>post</wp:post_type>
	<wp:post_password></wp:post_password>
	<wp:is_sticky>0</wp:is_sticky>

	
</item>
