<item>
	<title>First work coffee of the new year.</title>
	<link>http://verdammelt.posterous.com/first-work-coffee-of-the-new-year</link>
	<pubDate>Mon Jan 03 05:37:47 -0800 2011</pubDate>
	
	<dc:creator><![CDATA[Mark Simpson]]></dc:creator>
	
	
		<category domain="tag" nicename="coffee"><![CDATA[coffee]]></category>
	

	<category><![CDATA[Uncategorized]]></category>

	<category domain="category" nicename="uncategorized"><![CDATA[Uncategorized]]></category>

  <guid isPermaLink="false">http://verdammelt.posterous.com/first-work-coffee-of-the-new-year</guid>
	<description></description>
	<content:encoded><![CDATA[<p>First work coffee of the new year.</p> <p>Empty coffee box is not a good omen for 20!!. Luckily I have a couple left in my personal stash.</p> <p><div class='p_embed p_image_embed'>
<a href="http://getfile1.posterous.com/getfile/files.posterous.com/verdammelt/qivkYWJZEELWPeEDEgjNPXGAcFp6jT6Wh8ZHWTVpcV7vUmfUUoLwnmsb7j5h/IMG_20110103_083220.jpg.scaled.1000.jpg"><img alt="Img_20110103_083220" height="667" src="http://getfile0.posterous.com/getfile/files.posterous.com/verdammelt/U04eQaSOnz3PYJa5LLTjT2fZrx3YVqh3N5ndcgh2X6QjGQB2qZAqdKHmHuU7/IMG_20110103_083220.jpg.scaled.500.jpg" width="500" /></a>
<a href="http://getfile6.posterous.com/getfile/files.posterous.com/verdammelt/XDgap6KxsqclZns8E6HLAGsAuDFzKnxn4bFHOsERzFwlckUSAOY3K2ZDFxEl/IMG_20110103_083142.jpg.scaled.1000.jpg"><img alt="Img_20110103_083142" height="667" src="http://getfile5.posterous.com/getfile/files.posterous.com/verdammelt/Z1TtdbNCAT23915tPBXOrrvXY72hOdQKjBhotwn3XwwJOjZTXHmTfzxrSxfC/IMG_20110103_083142.jpg.scaled.500.jpg" width="500" /></a>
<a href="http://getfile1.posterous.com/getfile/files.posterous.com/verdammelt/iGq5Y7YVrHBiOkhFpXdpM0NgxwL7fe7rMguaUUaNgiPsgv5XulBVS2bGig0r/IMG_20110103_083042.jpg.scaled.1000.jpg"><img alt="Img_20110103_083042" height="667" src="http://getfile0.posterous.com/getfile/files.posterous.com/verdammelt/1pK26Jxz138zbQqdCiIvzCwF6WsSKGDp94g67fdFBeJmHTNCOX2rQyiVtfQ6/IMG_20110103_083042.jpg.scaled.500.jpg" width="500" /></a>
</div>
</p>]]></content:encoded>
	<excerpt:encoded><![CDATA[First work coffee of the new year. Empty coffee box is not a good omen for 20!!. Luckily I have a couple left in my personal stash.]]></excerpt:encoded>	

	<wp:post_date>Mon Jan 03 05:37:47 -0800 2011</wp:post_date>
	<wp:post_date_gmt>%= display_date %></wp:post_date_gmt>
	<wp:comment_status>open</wp:comment_status>
	<wp:ping_status>open</wp:ping_status>
	<wp:post_name>first-work-coffee-of-the-new-year</wp:post_name>
	<wp:status>publish</wp:status>
	<wp:post_parent>0</wp:post_parent>
	<wp:menu_order>0</wp:menu_order>
	<wp:post_type>post</wp:post_type>
	<wp:post_password></wp:post_password>
	<wp:is_sticky>0</wp:is_sticky>

	
</item>
