<item>
	<title>Coffee: 5 calories</title>
	<link>http://verdammelt.posterous.com/coffee-5-calories</link>
	<pubDate>Tue Jan 04 04:30:40 -0800 2011</pubDate>
	
	<dc:creator><![CDATA[Mark Simpson]]></dc:creator>
	
	

	<category><![CDATA[Uncategorized]]></category>

	<category domain="category" nicename="uncategorized"><![CDATA[Uncategorized]]></category>

  <guid isPermaLink="false">http://verdammelt.posterous.com/coffee-5-calories</guid>
	<description></description>
	<content:encoded><![CDATA[<div class='p_embed p_image_embed'>
<a href="http://getfile3.posterous.com/getfile/files.posterous.com/verdammelt/yKrqA9DIQbP6EWHnjgdpaeLConSIePeyyWE0Qa3DIIcEWos9hUR0IEhtLDMf/photo.jpg"><img alt="Photo" height="667" src="http://getfile4.posterous.com/getfile/files.posterous.com/verdammelt/mFXd06lTP4SkFUd0Jsit6h4YL2AgzsdtYCHhq8Bs4vpr6kvqQwGWXALH48RE/photo.jpg.scaled.500.jpg" width="500" /></a>
</div>
]]></content:encoded>
	<excerpt:encoded><![CDATA[]]></excerpt:encoded>	

	<wp:post_date>Tue Jan 04 04:30:40 -0800 2011</wp:post_date>
	<wp:post_date_gmt>%= display_date %></wp:post_date_gmt>
	<wp:comment_status>open</wp:comment_status>
	<wp:ping_status>open</wp:ping_status>
	<wp:post_name>coffee-5-calories</wp:post_name>
	<wp:status>publish</wp:status>
	<wp:post_parent>0</wp:post_parent>
	<wp:menu_order>0</wp:menu_order>
	<wp:post_type>post</wp:post_type>
	<wp:post_password></wp:post_password>
	<wp:is_sticky>0</wp:is_sticky>

	
</item>
