<item>
	<title>The Evil cat relaxing</title>
	<link>http://verdammelt.posterous.com/the-evil-cat-relaxing</link>
	<pubDate>Sun Sep 13 11:15:50 -0700 2009</pubDate>
	
	<dc:creator><![CDATA[Mark Simpson]]></dc:creator>
	
	

	<category><![CDATA[Uncategorized]]></category>

	<category domain="category" nicename="uncategorized"><![CDATA[Uncategorized]]></category>

  <guid isPermaLink="false">http://verdammelt.posterous.com/the-evil-cat-relaxing</guid>
	<description></description>
	<content:encoded><![CDATA[<div class='p_embed p_image_embed'>
<a href="http://getfile9.posterous.com/getfile/files.posterous.com/verdammelt/I5eoD9sjxZ69ueV8YUapg08dP3SoONRR5T1y1T1lTpMuMxk4mcWD0QzKGizc/2009-09-13_14.09.31.jpg.scaled.1000.jpg"><img alt="2009-09-13_14" height="375" src="http://getfile7.posterous.com/getfile/files.posterous.com/verdammelt/JXFDcPLAnNjUmNmrO4TMP34Rsqc42ty1Ee8k17CPr13ZNzJHO93MYbkVW70e/2009-09-13_14.09.31.jpg.scaled.500.jpg" width="500" /></a>
</div>
]]></content:encoded>
	<excerpt:encoded><![CDATA[]]></excerpt:encoded>	

	<wp:post_date>Sun Sep 13 11:15:50 -0700 2009</wp:post_date>
	<wp:post_date_gmt>%= display_date %></wp:post_date_gmt>
	<wp:comment_status>open</wp:comment_status>
	<wp:ping_status>open</wp:ping_status>
	<wp:post_name>the-evil-cat-relaxing</wp:post_name>
	<wp:status>publish</wp:status>
	<wp:post_parent>0</wp:post_parent>
	<wp:menu_order>0</wp:menu_order>
	<wp:post_type>post</wp:post_type>
	<wp:post_password></wp:post_password>
	<wp:is_sticky>0</wp:is_sticky>

	
</item>
