<item>
	<title>Fifth of the day</title>
	<link>http://verdammelt.posterous.com/fifth-of-the-day</link>
	<pubDate>Wed Jan 05 14:38:22 -0800 2011</pubDate>
	
	<dc:creator><![CDATA[Mark Simpson]]></dc:creator>
	
	

	<category><![CDATA[Uncategorized]]></category>

	<category domain="category" nicename="uncategorized"><![CDATA[Uncategorized]]></category>

  <guid isPermaLink="false">http://verdammelt.posterous.com/fifth-of-the-day</guid>
	<description></description>
	<content:encoded><![CDATA[<div class='p_embed p_image_embed'>
<a href="http://getfile2.posterous.com/getfile/files.posterous.com/verdammelt/VjLlV3J1K3uNZW1xsJgTVsCTTKXplUq7uk2u5UAFXZanMmX63oTWY1cQM4WB/photo.jpg"><img alt="Photo" height="667" src="http://getfile3.posterous.com/getfile/files.posterous.com/verdammelt/ctRbsqZbCMRfUxLOAPivVNY2Hil633cCBbj8IsxnelxbXxCYGz4h3rHntQbw/photo.jpg.scaled.500.jpg" width="500" /></a>
</div>
]]></content:encoded>
	<excerpt:encoded><![CDATA[]]></excerpt:encoded>	

	<wp:post_date>Wed Jan 05 14:38:22 -0800 2011</wp:post_date>
	<wp:post_date_gmt>%= display_date %></wp:post_date_gmt>
	<wp:comment_status>open</wp:comment_status>
	<wp:ping_status>open</wp:ping_status>
	<wp:post_name>fifth-of-the-day</wp:post_name>
	<wp:status>publish</wp:status>
	<wp:post_parent>0</wp:post_parent>
	<wp:menu_order>0</wp:menu_order>
	<wp:post_type>post</wp:post_type>
	<wp:post_password></wp:post_password>
	<wp:is_sticky>0</wp:is_sticky>

	
</item>
