<item>
	<title>Ready for a new day</title>
	<link>http://verdammelt.posterous.com/ready-for-a-new-day</link>
	<pubDate>Wed Jan 12 06:27:00 -0800 2011</pubDate>
	
	<dc:creator><![CDATA[Mark Simpson]]></dc:creator>
	
	
		<category domain="tag" nicename="coffee"><![CDATA[coffee]]></category>
	

	<category><![CDATA[Uncategorized]]></category>

	<category domain="category" nicename="uncategorized"><![CDATA[Uncategorized]]></category>

  <guid isPermaLink="false">http://verdammelt.posterous.com/ready-for-a-new-day</guid>
	<description></description>
	<content:encoded><![CDATA[<p><div class='p_embed p_image_embed'>
<a href="http://getfile5.posterous.com/getfile/files.posterous.com/verdammelt/oVgzvUZtq3YQi29wBjjarYKcT6rTMsENjz1ukrSA1tqyOsSAn7pSEUr438Xh/photo.jpg"><img alt="Photo" height="667" src="http://getfile6.posterous.com/getfile/files.posterous.com/verdammelt/xOEw8fpmJZrKQMROYrkj6vsr3yZzcpBsb05HNgi6we8X2vB0Nn89SQKXSAJF/photo.jpg.scaled.500.jpg" width="500" /></a>
</div>
</p>]]></content:encoded>
	<excerpt:encoded><![CDATA[]]></excerpt:encoded>	

	<wp:post_date>Wed Jan 12 06:27:00 -0800 2011</wp:post_date>
	<wp:post_date_gmt>%= display_date %></wp:post_date_gmt>
	<wp:comment_status>open</wp:comment_status>
	<wp:ping_status>open</wp:ping_status>
	<wp:post_name>ready-for-a-new-day</wp:post_name>
	<wp:status>publish</wp:status>
	<wp:post_parent>0</wp:post_parent>
	<wp:menu_order>0</wp:menu_order>
	<wp:post_type>post</wp:post_type>
	<wp:post_password></wp:post_password>
	<wp:is_sticky>0</wp:is_sticky>

	
</item>
