<item>
	<title>Really Sorry</title>
	<link>http://verdammelt.posterous.com/really-sorry</link>
	<pubDate>Sun Feb 08 14:36:59 -0800 2009</pubDate>
	
	<dc:creator><![CDATA[Mark Simpson]]></dc:creator>
	
	

	<category><![CDATA[Uncategorized]]></category>

	<category domain="category" nicename="uncategorized"><![CDATA[Uncategorized]]></category>

  <guid isPermaLink="false">http://verdammelt.posterous.com/really-sorry</guid>
	<description></description>
	<content:encoded><![CDATA[<div class='p_embed p_image_embed'>
<a href="http://getfile9.posterous.com/getfile/files.posterous.com/verdammelt/nI2Ke27rwoQ5Re3Dl0p2qcF6gU8yWmfVYVGr5PA8zbhuphcq2p01V16umVku/IMG00153.jpg.scaled.1000.jpg"><img alt="Img00153" height="400" src="http://getfile8.posterous.com/getfile/files.posterous.com/verdammelt/sRFkHZdf3MwBljIkjrR7LKPY3dGA22UZafRjclQduu31EiXAoAG09cARA7Qe/IMG00153.jpg.scaled.500.jpg" width="500" /></a>
</div>
<p>Sent via BlackBerry from T-Mobile</p>]]></content:encoded>
	<excerpt:encoded><![CDATA[Sent via BlackBerry from T-Mobile]]></excerpt:encoded>	

	<wp:post_date>Sun Feb 08 14:36:59 -0800 2009</wp:post_date>
	<wp:post_date_gmt>%= display_date %></wp:post_date_gmt>
	<wp:comment_status>open</wp:comment_status>
	<wp:ping_status>open</wp:ping_status>
	<wp:post_name>really-sorry</wp:post_name>
	<wp:status>publish</wp:status>
	<wp:post_parent>0</wp:post_parent>
	<wp:menu_order>0</wp:menu_order>
	<wp:post_type>post</wp:post_type>
	<wp:post_password></wp:post_password>
	<wp:is_sticky>0</wp:is_sticky>

	
</item>
