<item>
	<title>Definitely not in Cambridge currently.</title>
	<link>http://verdammelt.posterous.com/definitely-not-in-cambridge-currently</link>
	<pubDate>Fri Jan 28 10:35:46 -0800 2011</pubDate>
	
	<dc:creator><![CDATA[Mark Simpson]]></dc:creator>
	
	

	<category><![CDATA[Uncategorized]]></category>

	<category domain="category" nicename="uncategorized"><![CDATA[Uncategorized]]></category>

  <guid isPermaLink="false">http://verdammelt.posterous.com/definitely-not-in-cambridge-currently</guid>
	<description></description>
	<content:encoded><![CDATA[<div class='p_embed p_image_embed'>
<a href="http://getfile6.posterous.com/getfile/files.posterous.com/verdammelt/gpLPSnQACqoaQSdOnTpDiwte39yoFeezaZ3NAdyFJW8y2tDqNmmxlyhyGeNK/photo.jpg"><img alt="Photo" height="375" src="http://getfile7.posterous.com/getfile/files.posterous.com/verdammelt/Ku1kKKfixDCP0LtmUWkO1BhA80R0R2dFDYSbMEYr1QD4Y8YBPF5gUR3SP4qj/photo.jpg.scaled.500.jpg" width="500" /></a>
</div>
]]></content:encoded>
	<excerpt:encoded><![CDATA[]]></excerpt:encoded>	

	<wp:post_date>Fri Jan 28 10:35:46 -0800 2011</wp:post_date>
	<wp:post_date_gmt>%= display_date %></wp:post_date_gmt>
	<wp:comment_status>open</wp:comment_status>
	<wp:ping_status>open</wp:ping_status>
	<wp:post_name>definitely-not-in-cambridge-currently</wp:post_name>
	<wp:status>publish</wp:status>
	<wp:post_parent>0</wp:post_parent>
	<wp:menu_order>0</wp:menu_order>
	<wp:post_type>post</wp:post_type>
	<wp:post_password></wp:post_password>
	<wp:is_sticky>0</wp:is_sticky>

	
</item>
