<item>
	<title>Build still broken this morning. Happy Friday the 13th!</title>
	<link>http://verdammelt.posterous.com/build-still-broken-this-mornin</link>
	<pubDate>Fri Feb 13 05:02:09 -0800 2009</pubDate>
	
	<dc:creator><![CDATA[Mark Simpson]]></dc:creator>
	
	

	<category><![CDATA[Uncategorized]]></category>

	<category domain="category" nicename="uncategorized"><![CDATA[Uncategorized]]></category>

  <guid isPermaLink="false">http://verdammelt.posterous.com/build-still-broken-this-mornin</guid>
	<description></description>
	<content:encoded><![CDATA[How hard can it be to to run the tests before checkin. Hell! They're <br />part of the BUILD!]]></content:encoded>
	<excerpt:encoded><![CDATA[How hard can it be to to run the tests before checkin. Hell! They're part of the BUILD!]]></excerpt:encoded>	

	<wp:post_date>Fri Feb 13 05:02:09 -0800 2009</wp:post_date>
	<wp:post_date_gmt>%= display_date %></wp:post_date_gmt>
	<wp:comment_status>open</wp:comment_status>
	<wp:ping_status>open</wp:ping_status>
	<wp:post_name>build-still-broken-this-mornin</wp:post_name>
	<wp:status>publish</wp:status>
	<wp:post_parent>0</wp:post_parent>
	<wp:menu_order>0</wp:menu_order>
	<wp:post_type>post</wp:post_type>
	<wp:post_password></wp:post_password>
	<wp:is_sticky>0</wp:is_sticky>

	
</item>
