<item>
	<title>At Brattle munching popcorn waiting for Bugs Bunny to start</title>
	<link>http://verdammelt.posterous.com/at-brattle-munching-popcorn-wa</link>
	<pubDate>Sun Feb 15 16:48:19 -0800 2009</pubDate>
	
	<dc:creator><![CDATA[Mark Simpson]]></dc:creator>
	
	

	<category><![CDATA[Uncategorized]]></category>

	<category domain="category" nicename="uncategorized"><![CDATA[Uncategorized]]></category>

  <guid isPermaLink="false">http://verdammelt.posterous.com/at-brattle-munching-popcorn-wa</guid>
	<description></description>
	<content:encoded><![CDATA[Sent via BlackBerry from T-Mobile]]></content:encoded>
	<excerpt:encoded><![CDATA[Sent via BlackBerry from T-Mobile]]></excerpt:encoded>	

	<wp:post_date>Sun Feb 15 16:48:19 -0800 2009</wp:post_date>
	<wp:post_date_gmt>%= display_date %></wp:post_date_gmt>
	<wp:comment_status>open</wp:comment_status>
	<wp:ping_status>open</wp:ping_status>
	<wp:post_name>at-brattle-munching-popcorn-wa</wp:post_name>
	<wp:status>publish</wp:status>
	<wp:post_parent>0</wp:post_parent>
	<wp:menu_order>0</wp:menu_order>
	<wp:post_type>post</wp:post_type>
	<wp:post_password></wp:post_password>
	<wp:is_sticky>0</wp:is_sticky>

	
</item>
