<item>
	<title>*cough*cough*cough* Why is the cough medicine seem to be making me cough MORE?!</title>
	<link>http://verdammelt.posterous.com/coughcoughcough-why-is-the-cou</link>
	<pubDate>Tue Feb 17 18:36:24 -0800 2009</pubDate>
	
	<dc:creator><![CDATA[Mark Simpson]]></dc:creator>
	
	

	<category><![CDATA[Uncategorized]]></category>

	<category domain="category" nicename="uncategorized"><![CDATA[Uncategorized]]></category>

  <guid isPermaLink="false">http://verdammelt.posterous.com/coughcoughcough-why-is-the-cou</guid>
	<description></description>
	<content:encoded><![CDATA[Damn Western Medicine - obviously it is all a conspiracy of <br />BigPharma(tm). grrr.]]></content:encoded>
	<excerpt:encoded><![CDATA[Damn Western Medicine - obviously it is all a conspiracy of BigPharma(tm). grrr.]]></excerpt:encoded>	

	<wp:post_date>Tue Feb 17 18:36:24 -0800 2009</wp:post_date>
	<wp:post_date_gmt>%= display_date %></wp:post_date_gmt>
	<wp:comment_status>open</wp:comment_status>
	<wp:ping_status>open</wp:ping_status>
	<wp:post_name>coughcoughcough-why-is-the-cou</wp:post_name>
	<wp:status>publish</wp:status>
	<wp:post_parent>0</wp:post_parent>
	<wp:menu_order>0</wp:menu_order>
	<wp:post_type>post</wp:post_type>
	<wp:post_password></wp:post_password>
	<wp:is_sticky>0</wp:is_sticky>

	
</item>
