<item>
	<title>All my good intentions for learning formed at #scna and #agile2009 	have been sqashed by long work hours.</title>
	<link>http://verdammelt.posterous.com/all-my-good-intentions-for-learning-formed-at</link>
	<pubDate>Fri Sep 25 04:32:25 -0700 2009</pubDate>
	
	<dc:creator><![CDATA[Mark Simpson]]></dc:creator>
	
	

	<category><![CDATA[Uncategorized]]></category>

	<category domain="category" nicename="uncategorized"><![CDATA[Uncategorized]]></category>

  <guid isPermaLink="false">http://verdammelt.posterous.com/all-my-good-intentions-for-learning-formed-at</guid>
	<description></description>
	<content:encoded><![CDATA[After having a great time at SCNA and Agile2009 and deciding that I <br />was really behind in my professional learning/development - all my <br />plans for sharpening my skills, learning a new language etc have been <br />put aside due to long work hours. <p /> It is definately not a sustainable pace; the end of this spurt is in <br />site. I won't need to, and won't be able to, keep this pace up for <br />much past Oct 1. <p /> In the end of November and December there will be again some long hard <br />hours as we get this product ready to ship. <p /> I am really feeling the loss of time for learning. I came away from <br />those conferences with a real sense of excitement an drive. I started <br />learning Ruby and that language itself was exciting to me. It all <br />started slipping away as I got busier at work.]]></content:encoded>
	<excerpt:encoded><![CDATA[After having a great time at SCNA and Agile2009 and deciding that I was really behind in my professional learning/development - all my plans for sharpening my skills, learning a new language etc have been put aside due to long work hours. It is de...]]></excerpt:encoded>	

	<wp:post_date>Fri Sep 25 04:32:25 -0700 2009</wp:post_date>
	<wp:post_date_gmt>%= display_date %></wp:post_date_gmt>
	<wp:comment_status>open</wp:comment_status>
	<wp:ping_status>open</wp:ping_status>
	<wp:post_name>all-my-good-intentions-for-learning-formed-at</wp:post_name>
	<wp:status>publish</wp:status>
	<wp:post_parent>0</wp:post_parent>
	<wp:menu_order>0</wp:menu_order>
	<wp:post_type>post</wp:post_type>
	<wp:post_password></wp:post_password>
	<wp:is_sticky>0</wp:is_sticky>

	
		<wp:comment>
			<!-- <wp:comment_id>5</wp:comment_id> -->
			<wp:comment_author><![CDATA[redsquirrel]]></wp:comment_author>
			<wp:comment_author_email></wp:comment_author_email>
			<wp:comment_author_url></wp:comment_author_url>
			<wp:comment_date>Fri Sep 25 06:29:43 -0700 2009</wp:comment_date>
			<wp:comment_date_gmt>Fri Sep 25 06:29:43 -0700 2009</wp:comment_date_gmt>
			<wp:comment_content><![CDATA[Don't give up on nurturing your passion, man. Timebox these periods of overtime, and keep learning!]]></wp:comment_content>
			<wp:comment_approved>1</wp:comment_approved>
			<wp:comment_type></wp:comment_type>
			<wp:comment_parent>0</wp:comment_parent>
		</wp:comment>
	
</item>
