<item>
	<title>An automated Acceptance Test suite, even if not 100% passing, is very 	useful indeed.</title>
	<link>http://verdammelt.posterous.com/an-automated-acceptance-test-s</link>
	<pubDate>Fri Feb 27 07:21:17 -0800 2009</pubDate>
	
	<dc:creator><![CDATA[Mark Simpson]]></dc:creator>
	
	

	<category><![CDATA[Uncategorized]]></category>

	<category domain="category" nicename="uncategorized"><![CDATA[Uncategorized]]></category>

  <guid isPermaLink="false">http://verdammelt.posterous.com/an-automated-acceptance-test-s</guid>
	<description></description>
	<content:encoded><![CDATA[Our regression test suite had a failure rate of about 15/300 tests. <br />This morning's run was 50/300 tests - it was obvious that the latest <br />checkins were the problem. Hopefully the rest of the team will also <br />see this. <p />&nbsp;The confounding problem is that one of the failures looks just like a <br />known intermittent failure - but it was happening at a rate of and now happened more like 15/300 or 20/300. Also some of them are <br />now _consistent_.]]></content:encoded>
	<excerpt:encoded><![CDATA[Our regression test suite had a failure rate of about 15/300 tests. This morning's run was 50/300 tests - it was obvious that the latest checkins were the problem. Hopefully the rest of the team will also see this. The confounding problem is that ...]]></excerpt:encoded>	

	<wp:post_date>Fri Feb 27 07:21:17 -0800 2009</wp:post_date>
	<wp:post_date_gmt>%= display_date %></wp:post_date_gmt>
	<wp:comment_status>open</wp:comment_status>
	<wp:ping_status>open</wp:ping_status>
	<wp:post_name>an-automated-acceptance-test-s</wp:post_name>
	<wp:status>publish</wp:status>
	<wp:post_parent>0</wp:post_parent>
	<wp:menu_order>0</wp:menu_order>
	<wp:post_type>post</wp:post_type>
	<wp:post_password></wp:post_password>
	<wp:is_sticky>0</wp:is_sticky>

	
</item>
