<item>
	<title>Change your organization or change your organization</title>
	<link>http://verdammelt.posterous.com/change-your-organization-or-change-your-organ</link>
	<pubDate>Fri Apr 08 19:42:54 -0700 2011</pubDate>
	
	<dc:creator><![CDATA[Mark Simpson]]></dc:creator>
	
	
		<category domain="tag" nicename="personal"><![CDATA[personal]]></category>
	
		<category domain="tag" nicename="work"><![CDATA[work]]></category>
	

	<category><![CDATA[Uncategorized]]></category>

	<category domain="category" nicename="uncategorized"><![CDATA[Uncategorized]]></category>

  <guid isPermaLink="false">http://verdammelt.posterous.com/change-your-organization-or-change-your-organ</guid>
	<description></description>
	<content:encoded><![CDATA[Several years ago I was pointed to Martin Fowler's quote. <p /> For the next few years I tried the first half of the quote. It was hard <br />bit I didn't really have much luck. Somedays I felt like giving up; <br />quitting or worse - going with the flow. I sometimes wanted to let the <br />people and company do what it wanted and let the chips fall - at least I <br />would be able to say "I told you so". <p /> Finally I decided to follow the second part of the quote; and that is <br />what I've done. In some ways it feels a little like quitting or giving <br />up. But trying to change the organization that doesn't want to change is <br />very tiring. <p /> I hope that the new organization will be a better fit for me. <p /> Fit. I think that is the key. The company _was_ a good fit for me, but not <br />any more. We no longer fit; and so since I cannot work to change them, <br />I'll do the changing. <p />  <p />  <br />Hope I'll get over feeling like I've failed.]]></content:encoded>
	<excerpt:encoded><![CDATA[Several years ago I was pointed to Martin Fowler's quote. For the next few years I tried the first half of the quote. It was hard bit I didn't really have much luck. Somedays I felt like giving up; quitting or worse - going with the flow. I someti...]]></excerpt:encoded>	

	<wp:post_date>Fri Apr 08 19:42:54 -0700 2011</wp:post_date>
	<wp:post_date_gmt>%= display_date %></wp:post_date_gmt>
	<wp:comment_status>open</wp:comment_status>
	<wp:ping_status>open</wp:ping_status>
	<wp:post_name>change-your-organization-or-change-your-organ</wp:post_name>
	<wp:status>publish</wp:status>
	<wp:post_parent>0</wp:post_parent>
	<wp:menu_order>0</wp:menu_order>
	<wp:post_type>post</wp:post_type>
	<wp:post_password></wp:post_password>
	<wp:is_sticky>0</wp:is_sticky>

	
</item>
