<item>
	<title>How I Learned Agile All Wrong and Still Ended Up Liking it.</title>
	<link>http://verdammelt.posterous.com/how-i-learned-agile-all-wrong-and-still-ended</link>
	<pubDate>Tue Apr 12 21:16:00 -0700 2011</pubDate>
	
	<dc:creator><![CDATA[Mark Simpson]]></dc:creator>
	
	
		<category domain="tag" nicename="agile"><![CDATA[agile]]></category>
	
		<category domain="tag" nicename="personal"><![CDATA[personal]]></category>
	
		<category domain="tag" nicename="tdd"><![CDATA[tdd]]></category>
	
		<category domain="tag" nicename="work"><![CDATA[work]]></category>
	

	<category><![CDATA[Uncategorized]]></category>

	<category domain="category" nicename="uncategorized"><![CDATA[Uncategorized]]></category>

  <guid isPermaLink="false">http://verdammelt.posterous.com/how-i-learned-agile-all-wrong-and-still-ended</guid>
	<description></description>
	<content:encoded><![CDATA[<h1>History</h1>

<p>Up until several years ago I only knew one way to do a software project.
The &ldquo;usual&rdquo; way: Requirements document; bunch of coding; deadlines which
were basically impossible; throwing the app at QA; thrashing to &ldquo;improve
quality&rdquo;; sending it to the customer and then &ldquo;firefighting&rdquo; to fix the
fact that it didn&rsquo;t meet the requirements.  Sure there were glimpse of
other ways; small changes to the process etc.; but generally the same.</p>

<p>Then I learned about &ldquo;Agile&rdquo;. (I fully intend those quotes). The company
I worked for was bought by another larger company. That company seems to
have had a team which &ldquo;went Agile&rdquo; from the bottom up and the company
decided that it was going to be the &ldquo;new way&rdquo;. I was one of the
&ldquo;important people&rdquo; who was on the new project which was going to be one
of the flagship &ldquo;Agile&rdquo; projects.</p>

<h1>What I Was Taught</h1>

<p>We got two(ish) days of consulting. We were taught story writing,
planning poker, iterations, QA in-iteration, and some TDD examples (damn
Bowling Game). The impression I <em>got</em> was that we&rsquo;d be working in close
teams, prioritizing every iteration (because requirements are always
changing), working hard to produce only the code we need (and do it
cleanly), release this frequently to get quick feedback. I also was
&ldquo;taught&rdquo; the &ldquo;don&rsquo;t do design&rdquo; idea.  I know several of my team members
feel they heard the same.</p>

<p>I thought this was <strong>AWESOME</strong>. I drank the Kool-Aid and then went back for
a second cup.</p>

<p>I worked to learn more and more. The company sent me to Agile2008, and I
I took myself to Agile2009. I went to other conferences, I read books,
blogs, I went to meetups and talked with people.</p>

<h1>What I Learned</h1>

<p>I learned many things, sometimes the hard way, not all direct lessons.</p>

<p>I learned that &ldquo;going Agile&rdquo; isn&rsquo;t going to work unless people want to
give it a try. Imposing &ldquo;Agile&rdquo; from above won&rsquo;t work. The people
involved need to want to at least try it. Most important of course is
the by-in from management in and above the team.</p>

<p>I learned, and am still learning, ways to help teach and learn from my
coworkers. At first, being very gung-ho about it, I came off a bit too
&ldquo;you&rsquo;re doing it wrong!&rdquo; and that turned people off and probably burned
a few bridges that could have been useful later.</p>

<p>I learned that having QA in-iteration, or even better, &ldquo;pairing&rdquo; with QA
on the tests (automated or manual) for a story is very powerful and can
flush out issues (potential or realized) quickly.</p>

<p>I learned that the &ldquo;don&rsquo;t design&rdquo; idea doesn&rsquo;t work. (I probably wasn&rsquo;t
intentionally taught that, but I really feel that it came out during our
training. Perhaps an overemphasis on not getting attached to an up-front
design and letting TDD take its course.)  I initially tried it, while my
coworkers rejected it, and TDD, without trying it.  I think by trying &ndash;
and not succeeding &ndash; at it I have become better at what amount of design
is needed, and how TDD can lead to good designs (at least at the micro
level).</p>

<p>I learned that my ideas about OO design were not good. I was mostly
just doing imperative programming in big bags of loosely related things
I called <em>classes</em>.</p>

<p>I learned that clean code is flexible and can be easy to understand and
make changes to. I learned that I had a LOT more to learn about writing
clean code.</p>

<h1>What I Like</h1>

<p>I love the idea of transparency. This was not taught. I learned it own
my own and I feel it is one of the most important things about &ldquo;Agile&rdquo;
and wonder why it is not presented more.  It can be scary, very scary,
not to be able to hide behind the buffered schedule, or the layers of
management, but in the end I think it is better to be open and up-front
about everything going on in a project.  If there are problems it is
best to get them out in the open earlier, so that they can be addressed
earlier (when it is generally earlier to address them).</p>

<p>I like working incrementally. Working on small stories in time-boxed
iterations help me to keep focused.  Each iteration I have to make sure
that we have a (at least potentially) releasable product. I learned long
ago that today&rsquo;s new product is tomorrow&rsquo;s maintenance product. So
bringing out the maintenance problems by practicing the release every
iteration brings out the maintenance problems sooner.</p>

<p>I like working with in-iteration QA. Being able to work with these
professionals closely helps me ensure my code does what it needs to do,
does what it should, and most importantly doesn&rsquo;t do anything else. It
also gives me quick feedback.</p>

<p>I like quick feedback, always have (but I had forgotten over
time). Quick feedback helps me focus on what is needed and keep the aim
true. If the aim is off we know faster and adjustments can be made. Also
obviously easier to fix issues found sooner than later.</p>

<p>I love TDD. Plain and simple. It took me a little while, but after being
taught the TDD technique, I realized I knew it. I used to call that sort
of programming &ldquo;exploratory&rdquo;. When I had a REPL, I coded by trying
something out, testing, playing; then I&rsquo;d save it and test the larger
chunk. This would be repeated. Without a REPL I&rsquo;d do it in a larger
slower edit-compile-debug cycles.</p>

<p>Finally, I like how what I have learned has moved me to much produce
much cleaner code. I still have much to learn here. But the &ldquo;stressors&rdquo;
of repeated frequent releases, evolving requirements, and TDD have
pushed me to write, IMHO, much better code. It has also driven me to
think outside the imperative and OO paradigms.</p>

<h1>What I Still Want to Learn</h1>

<p>I do still need to learn much more about producing the best code I
can. Also to keep in mind that the &ldquo;best code&rdquo; must also be the &ldquo;right
code&rdquo; &ndash; it must provide the features needed.</p>

<p>I still need to learn some &ldquo;people&rdquo; things. I need to learn how to
better learn from, and teach people.</p>

<p>And most importantly I have learned I need to learn much more.</p>]]></content:encoded>
	<excerpt:encoded><![CDATA[History Up until several years ago I only knew one way to do a software project. The “usual” way: Requirements document; bunch of coding; deadlines which were basically impossible; throwing the app at QA; thrashing to “improve quality”; sending it...]]></excerpt:encoded>	

	<wp:post_date>Tue Apr 12 21:16:00 -0700 2011</wp:post_date>
	<wp:post_date_gmt>%= display_date %></wp:post_date_gmt>
	<wp:comment_status>open</wp:comment_status>
	<wp:ping_status>open</wp:ping_status>
	<wp:post_name>how-i-learned-agile-all-wrong-and-still-ended</wp:post_name>
	<wp:status>publish</wp:status>
	<wp:post_parent>0</wp:post_parent>
	<wp:menu_order>0</wp:menu_order>
	<wp:post_type>post</wp:post_type>
	<wp:post_password></wp:post_password>
	<wp:is_sticky>0</wp:is_sticky>

	
		<wp:comment>
			<!-- <wp:comment_id>5</wp:comment_id> -->
			<wp:comment_author><![CDATA[]]></wp:comment_author>
			<wp:comment_author_email></wp:comment_author_email>
			<wp:comment_author_url></wp:comment_author_url>
			<wp:comment_date>Tue Apr 12 21:33:22 -0700 2011</wp:comment_date>
			<wp:comment_date_gmt>Tue Apr 12 21:33:22 -0700 2011</wp:comment_date_gmt>
			<wp:comment_content><![CDATA[Nice experience report, Mark.

I love that you managed to work 'stressors' into it. If we get reports of programmers going on non-testing sprees, leaving a trail of dead code in their wake, then we can send in the Agile BAU. ;-)

We really must get together to pair on some Ruby. And you can show me some Functional Programming. which I /still/ haven't dug into yet.]]></wp:comment_content>
			<wp:comment_approved>1</wp:comment_approved>
			<wp:comment_type></wp:comment_type>
			<wp:comment_parent>0</wp:comment_parent>
		</wp:comment>
	
		<wp:comment>
			<!-- <wp:comment_id>5</wp:comment_id> -->
			<wp:comment_author><![CDATA[]]></wp:comment_author>
			<wp:comment_author_email></wp:comment_author_email>
			<wp:comment_author_url></wp:comment_author_url>
			<wp:comment_date>Tue Apr 12 21:59:18 -0700 2011</wp:comment_date>
			<wp:comment_date_gmt>Tue Apr 12 21:59:18 -0700 2011</wp:comment_date_gmt>
			<wp:comment_content><![CDATA[HAHA was wondering where &quot;stressors&quot; came from - looked it up to make sure i spelled it right.

Love to pair on Ruby - help me learn it.  As for functional programming - once I figure it out i'll let you know :)]]></wp:comment_content>
			<wp:comment_approved>1</wp:comment_approved>
			<wp:comment_type></wp:comment_type>
			<wp:comment_parent>0</wp:comment_parent>
		</wp:comment>
	
		<wp:comment>
			<!-- <wp:comment_id>5</wp:comment_id> -->
			<wp:comment_author><![CDATA[]]></wp:comment_author>
			<wp:comment_author_email></wp:comment_author_email>
			<wp:comment_author_url></wp:comment_author_url>
			<wp:comment_date>Tue Aug 02 19:56:09 -0700 2011</wp:comment_date>
			<wp:comment_date_gmt>Tue Aug 02 19:56:09 -0700 2011</wp:comment_date_gmt>
			<wp:comment_content><![CDATA[&lt;markdown&gt; (warning: an odd half-formed thought is contained herein[1]) 1. Yaweh let Adam name all the creatures in the world - this gave Adam dominion over all the creatures.[2] 2. Medieval magicians believed that knowing the *name* of a thing would give them power over that thing.[3] In software development we name things to keep tabs on them. To get a handle on them. Without a name we can't refer to things -- we can't move things around -- we can't organize them. More importantly: to have the **true name** of a thing allows one to have absolute control over it. Without the true name we don't have full power. Naming seems to be a special case of the power of language. With language we have the power to communicate, to do things collaboratively. Names let us do actions to things, and to collaborate on those actions. Footnotes: [1] In a discussion on Naming in the context of Software Craftsmanship I made an odd statement linking naming in software with medieval magic and the naming of all the creatures from the Judeo-Christian Genesis myth. I thought I could expand it slightly here. [2] A mashup of the two Genesis myths (1:36 &amp; 2:20). [3] http://en.wikipedia.org/wiki/True_name, http://en.wikipedia.org/wiki/BSD_Daemon &lt;/markdown&gt;]]></wp:comment_content>
			<wp:comment_approved>1</wp:comment_approved>
			<wp:comment_type></wp:comment_type>
			<wp:comment_parent>0</wp:comment_parent>
		</wp:comment>
	
</item>
