<item>
	<title>Crazy MTA announcement: http://gothamist.com/2009/10/06/video_no_service_according_to_crazy.php</title>
	<link>http://verdammelt.posterous.com/crazy-mta-announcement-httpgothamistcom200910</link>
	<pubDate>Wed Oct 07 04:48:52 -0700 2009</pubDate>
	
	<dc:creator><![CDATA[Mark Simpson]]></dc:creator>
	
	

	<category><![CDATA[Uncategorized]]></category>

	<category domain="category" nicename="uncategorized"><![CDATA[Uncategorized]]></category>

  <guid isPermaLink="false">http://verdammelt.posterous.com/crazy-mta-announcement-httpgothamistcom200910</guid>
	<description></description>
	<content:encoded><![CDATA[<a href="http://gothamist.com/2009/10/06/video_no_service_according_to_crazy.php">http://gothamist.com/2009/10/06/video_no_service_according_to_crazy.php</a>]]></content:encoded>
	<excerpt:encoded><![CDATA[http://gothamist.com/2009/10/06/video_no_service_according_to_crazy.php]]></excerpt:encoded>	

	<wp:post_date>Wed Oct 07 04:48:52 -0700 2009</wp:post_date>
	<wp:post_date_gmt>%= display_date %></wp:post_date_gmt>
	<wp:comment_status>open</wp:comment_status>
	<wp:ping_status>open</wp:ping_status>
	<wp:post_name>crazy-mta-announcement-httpgothamistcom200910</wp:post_name>
	<wp:status>publish</wp:status>
	<wp:post_parent>0</wp:post_parent>
	<wp:menu_order>0</wp:menu_order>
	<wp:post_type>post</wp:post_type>
	<wp:post_password></wp:post_password>
	<wp:is_sticky>0</wp:is_sticky>

	
</item>
