<item>
	<title>Walden pond - half-way point.</title>
	<link>http://verdammelt.posterous.com/walden-pond-half-way-point</link>
	<pubDate>Sat May 14 11:28:29 -0700 2011</pubDate>
	
	<dc:creator><![CDATA[Mark Simpson]]></dc:creator>
	
	

	<category><![CDATA[Uncategorized]]></category>

	<category domain="category" nicename="uncategorized"><![CDATA[Uncategorized]]></category>

  <guid isPermaLink="false">http://verdammelt.posterous.com/walden-pond-half-way-point</guid>
	<description></description>
	<content:encoded><![CDATA[<div class='p_embed p_image_embed'>
<a href="http://getfile8.posterous.com/getfile/files.posterous.com/verdammelt/bl8cNVALsoacSi7GfAnOnOrBFh0GPqyQsO5edPgeYX75MkJXJ5d7NBWyHteE/IMG_20110514_133157.jpg.scaled.1000.jpg"><img alt="Img_20110514_133157" height="375" src="http://getfile6.posterous.com/getfile/files.posterous.com/verdammelt/jdtJWhLaUclpUUdanjK3VoqZsJQJhVOG00eiLlY4p7of4nOuV6j0pQtKt29N/IMG_20110514_133157.jpg.scaled.500.jpg" width="500" /></a>
</div>
<p></p><p>Due to some wrong turns it took a few more miles and a anxiety inducing ride on Concord Turnpike to get here. </p>]]></content:encoded>
	<excerpt:encoded><![CDATA[Due to some wrong turns it took a few more miles and a anxiety inducing ride on Concord Turnpike to get here.]]></excerpt:encoded>	

	<wp:post_date>Sat May 14 11:28:29 -0700 2011</wp:post_date>
	<wp:post_date_gmt>%= display_date %></wp:post_date_gmt>
	<wp:comment_status>open</wp:comment_status>
	<wp:ping_status>open</wp:ping_status>
	<wp:post_name>walden-pond-half-way-point</wp:post_name>
	<wp:status>publish</wp:status>
	<wp:post_parent>0</wp:post_parent>
	<wp:menu_order>0</wp:menu_order>
	<wp:post_type>post</wp:post_type>
	<wp:post_password></wp:post_password>
	<wp:is_sticky>0</wp:is_sticky>

	
</item>
