<item>
	<title>Heading to #ilc2009</title>
	<link>http://verdammelt.posterous.com/heading-to-ilc2009</link>
	<pubDate>Sun Mar 22 04:59:42 -0700 2009</pubDate>
	
	<dc:creator><![CDATA[Mark Simpson]]></dc:creator>
	
	

	<category><![CDATA[Uncategorized]]></category>

	<category domain="category" nicename="uncategorized"><![CDATA[Uncategorized]]></category>

  <guid isPermaLink="false">http://verdammelt.posterous.com/heading-to-ilc2009</guid>
	<description></description>
	<content:encoded><![CDATA[<div class='p_embed p_image_embed'>
<a href="http://getfile2.posterous.com/getfile/files.posterous.com/verdammelt/5PdpcWuhDGBqcDr6yZs2ML9G5edFvht0WoTEWx6FCV5rDxVsNQGLVCV2KxJb/IMG00163.jpg.scaled.1000.jpg"><img alt="Img00163" height="400" src="http://getfile1.posterous.com/getfile/files.posterous.com/verdammelt/ajdKOpF1GAJkdTYuvXVs7SCkcZk05xRrvVGm9LWim1GaKwVHGbdWIHJalq17/IMG00163.jpg.scaled.500.jpg" width="500" /></a>
</div>
<p>Sent via BlackBerry from T-Mobile</p>]]></content:encoded>
	<excerpt:encoded><![CDATA[Sent via BlackBerry from T-Mobile]]></excerpt:encoded>	

	<wp:post_date>Sun Mar 22 04:59:42 -0700 2009</wp:post_date>
	<wp:post_date_gmt>%= display_date %></wp:post_date_gmt>
	<wp:comment_status>open</wp:comment_status>
	<wp:ping_status>open</wp:ping_status>
	<wp:post_name>heading-to-ilc2009</wp:post_name>
	<wp:status>publish</wp:status>
	<wp:post_parent>0</wp:post_parent>
	<wp:menu_order>0</wp:menu_order>
	<wp:post_type>post</wp:post_type>
	<wp:post_password></wp:post_password>
	<wp:is_sticky>0</wp:is_sticky>

	
</item>
