<item>
	<title>Please don't ....</title>
	<link>http://verdammelt.posterous.com/please-dont</link>
	<pubDate>Sat Jun 11 19:13:22 -0700 2011</pubDate>
	
	<dc:creator><![CDATA[Mark Simpson]]></dc:creator>
	
	

	<category><![CDATA[Uncategorized]]></category>

	<category domain="category" nicename="uncategorized"><![CDATA[Uncategorized]]></category>

  <guid isPermaLink="false">http://verdammelt.posterous.com/please-dont</guid>
	<description></description>
	<content:encoded><![CDATA[<div class='p_embed p_image_embed'>
<a href="http://getfile2.posterous.com/getfile/files.posterous.com/verdammelt/ZxViPsJmf2VCni6I1vZ3Qz4y0KUX6BOvhDhDp0NYInsr9KZbeTAEuLdTTmB3/IMG_20110611_221100.jpg.scaled.1000.jpg"><img alt="Img_20110611_221100" height="667" src="http://getfile0.posterous.com/getfile/files.posterous.com/verdammelt/LQlu9XFuQ64dCIgMYmyGepTHqHP4YdyIAD5KbbzPAj4mSXjNHlI2Q26vApE8/IMG_20110611_221100.jpg.scaled.500.jpg" width="500" /></a>
</div>
]]></content:encoded>
	<excerpt:encoded><![CDATA[]]></excerpt:encoded>	

	<wp:post_date>Sat Jun 11 19:13:22 -0700 2011</wp:post_date>
	<wp:post_date_gmt>%= display_date %></wp:post_date_gmt>
	<wp:comment_status>open</wp:comment_status>
	<wp:ping_status>open</wp:ping_status>
	<wp:post_name>please-dont</wp:post_name>
	<wp:status>publish</wp:status>
	<wp:post_parent>0</wp:post_parent>
	<wp:menu_order>0</wp:menu_order>
	<wp:post_type>post</wp:post_type>
	<wp:post_password></wp:post_password>
	<wp:is_sticky>0</wp:is_sticky>

	
</item>
