<item>
	<title>The Presets</title>
	<link>http://verdammelt.posterous.com/the-presets</link>
	<pubDate>Sat Apr 04 19:30:11 -0700 2009</pubDate>
	
	<dc:creator><![CDATA[Mark Simpson]]></dc:creator>
	
	

	<category><![CDATA[Uncategorized]]></category>

	<category domain="category" nicename="uncategorized"><![CDATA[Uncategorized]]></category>

  <guid isPermaLink="false">http://verdammelt.posterous.com/the-presets</guid>
	<description></description>
	<content:encoded><![CDATA[<div class='p_embed p_image_embed'>
<a href="http://getfile5.posterous.com/getfile/files.posterous.com/verdammelt/G38lEK95K7sEhbpBYjUHJG3AHVnkpIINi3xwqh6TND2wuTFp5D75qTbIOlxg/IMG00174.jpg.scaled.1000.jpg"><img alt="Img00174" height="400" src="http://getfile4.posterous.com/getfile/files.posterous.com/verdammelt/cNOSnR6WPbn2UsT16GEDOeIJoDPD8YLov4VO3ivffGO2A89879PNNvWX6HMR/IMG00174.jpg.scaled.500.jpg" width="500" /></a>
</div>
<p>Sent via BlackBerry from T-Mobile</p>]]></content:encoded>
	<excerpt:encoded><![CDATA[Sent via BlackBerry from T-Mobile]]></excerpt:encoded>	

	<wp:post_date>Sat Apr 04 19:30:11 -0700 2009</wp:post_date>
	<wp:post_date_gmt>%= display_date %></wp:post_date_gmt>
	<wp:comment_status>open</wp:comment_status>
	<wp:ping_status>open</wp:ping_status>
	<wp:post_name>the-presets</wp:post_name>
	<wp:status>publish</wp:status>
	<wp:post_parent>0</wp:post_parent>
	<wp:menu_order>0</wp:menu_order>
	<wp:post_type>post</wp:post_type>
	<wp:post_password></wp:post_password>
	<wp:is_sticky>0</wp:is_sticky>

	
</item>
