<item>
	<title>Dedicated Bike Commuter not letting a little rain stop him: 	http://tinyurl.com/yhble8g #bikecommute</title>
	<link>http://verdammelt.posterous.com/dedicated-bike-commuter-not-letting-a-little</link>
	<pubDate>Mon Oct 19 06:35:57 -0700 2009</pubDate>
	
	<dc:creator><![CDATA[Mark Simpson]]></dc:creator>
	
	

	<category><![CDATA[Uncategorized]]></category>

	<category domain="category" nicename="uncategorized"><![CDATA[Uncategorized]]></category>

  <guid isPermaLink="false">http://verdammelt.posterous.com/dedicated-bike-commuter-not-letting-a-little</guid>
	<description></description>
	<content:encoded><![CDATA[Dedicated Bike Commuter not letting a little rain stop him: <br /><a href="http://tinyurl.com/yhble8g">http://tinyurl.com/yhble8g</a> <p /> What i do need is some good rain gear. Still would love to get a <br />proper rain cape. Definately need to look into this soon.]]></content:encoded>
	<excerpt:encoded><![CDATA[Dedicated Bike Commuter not letting a little rain stop him: http://tinyurl.com/yhble8g What i do need is some good rain gear. Still would love to get a proper rain cape. Definately need to look into this soon.]]></excerpt:encoded>	

	<wp:post_date>Mon Oct 19 06:35:57 -0700 2009</wp:post_date>
	<wp:post_date_gmt>%= display_date %></wp:post_date_gmt>
	<wp:comment_status>open</wp:comment_status>
	<wp:ping_status>open</wp:ping_status>
	<wp:post_name>dedicated-bike-commuter-not-letting-a-little</wp:post_name>
	<wp:status>publish</wp:status>
	<wp:post_parent>0</wp:post_parent>
	<wp:menu_order>0</wp:menu_order>
	<wp:post_type>post</wp:post_type>
	<wp:post_password></wp:post_password>
	<wp:is_sticky>0</wp:is_sticky>

	
</item>
