<item>
	<title>Rover coming to get me; I've been... unmutual. #agile2011</title>
	<link>http://verdammelt.posterous.com/rover-coming-to-get-me-ive-been-unmutual-agil</link>
	<pubDate>Wed Aug 10 18:13:15 -0700 2011</pubDate>
	
	<dc:creator><![CDATA[Mark Simpson]]></dc:creator>
	
	
		<category domain="tag" nicename="picture"><![CDATA[picture]]></category>
	
		<category domain="tag" nicename="theprisoner"><![CDATA[theprisoner]]></category>
	

	<category><![CDATA[Uncategorized]]></category>

	<category domain="category" nicename="uncategorized"><![CDATA[Uncategorized]]></category>

  <guid isPermaLink="false">http://verdammelt.posterous.com/rover-coming-to-get-me-ive-been-unmutual-agil</guid>
	<description></description>
	<content:encoded><![CDATA[<div class='p_embed p_image_embed'>
<a href="http://getfile0.posterous.com/getfile/files.posterous.com/verdammelt/IlFXJzUBramCOYli6ktS9hsM3EZ7JUkD2aN8b43n14VpT0CbZ14GCMDvXuyg/photo.jpg"><img alt="Photo" height="667" src="http://getfile1.posterous.com/getfile/files.posterous.com/verdammelt/j1qr7tf2uk78Fo86vIZYmmgtmvuwxkLf2lRfkLzt5PfcpOitANetPXvBa9Bc/photo.jpg.scaled.500.jpg" width="500" /></a>
</div>
]]></content:encoded>
	<excerpt:encoded><![CDATA[]]></excerpt:encoded>	

	<wp:post_date>Wed Aug 10 18:13:15 -0700 2011</wp:post_date>
	<wp:post_date_gmt>%= display_date %></wp:post_date_gmt>
	<wp:comment_status>open</wp:comment_status>
	<wp:ping_status>open</wp:ping_status>
	<wp:post_name>rover-coming-to-get-me-ive-been-unmutual-agil</wp:post_name>
	<wp:status>publish</wp:status>
	<wp:post_parent>0</wp:post_parent>
	<wp:menu_order>0</wp:menu_order>
	<wp:post_type>post</wp:post_type>
	<wp:post_password></wp:post_password>
	<wp:is_sticky>0</wp:is_sticky>

	
</item>
