<item>
	<title>Yes I am that big of a dork. Going to read &quot;Master of the Game&quot; by Gary Gygax.</title>
	<link>http://verdammelt.posterous.com/yes-i-am-that-big-of-a-dork-going-to-read-mas</link>
	<pubDate>Thu Sep 01 16:33:57 -0700 2011</pubDate>
	
	<dc:creator><![CDATA[Mark Simpson]]></dc:creator>
	
	
		<category domain="tag" nicename="add"><![CDATA[add]]></category>
	
		<category domain="tag" nicename="book"><![CDATA[book]]></category>
	

	<category><![CDATA[Uncategorized]]></category>

	<category domain="category" nicename="uncategorized"><![CDATA[Uncategorized]]></category>

  <guid isPermaLink="false">http://verdammelt.posterous.com/yes-i-am-that-big-of-a-dork-going-to-read-mas</guid>
	<description></description>
	<content:encoded><![CDATA[<div class='p_embed p_image_embed'>
<a href="http://getfile1.posterous.com/getfile/files.posterous.com/verdammelt/ERIVNc12aKQ2d6lSvOQSGckgAKi705WVXjs7dq8Ysk5rP6Mu719Cew8pfEHW/IMG_20110901_193117.jpg.scaled.1000.jpg"><img alt="Img_20110901_193117" height="667" src="http://getfile9.posterous.com/getfile/files.posterous.com/verdammelt/0ODEEXYFxcHiGi5wRVNkLS2HeAxbdKck6JvMAIDvtLJLxfBhbmvwQNLe8OCo/IMG_20110901_193117.jpg.scaled.500.jpg" width="500" /></a>
</div>
]]></content:encoded>
	<excerpt:encoded><![CDATA[]]></excerpt:encoded>	

	<wp:post_date>Thu Sep 01 16:33:57 -0700 2011</wp:post_date>
	<wp:post_date_gmt>%= display_date %></wp:post_date_gmt>
	<wp:comment_status>open</wp:comment_status>
	<wp:ping_status>open</wp:ping_status>
	<wp:post_name>yes-i-am-that-big-of-a-dork-going-to-read-mas</wp:post_name>
	<wp:status>publish</wp:status>
	<wp:post_parent>0</wp:post_parent>
	<wp:menu_order>0</wp:menu_order>
	<wp:post_type>post</wp:post_type>
	<wp:post_password></wp:post_password>
	<wp:is_sticky>0</wp:is_sticky>

	
		<wp:comment>
			<!-- <wp:comment_id>5</wp:comment_id> -->
			<wp:comment_author><![CDATA[widderslainte]]></wp:comment_author>
			<wp:comment_author_email></wp:comment_author_email>
			<wp:comment_author_url></wp:comment_author_url>
			<wp:comment_date>Fri Sep 02 05:39:38 -0700 2011</wp:comment_date>
			<wp:comment_date_gmt>Fri Sep 02 05:39:38 -0700 2011</wp:comment_date_gmt>
			<wp:comment_content><![CDATA[Don't get that excited ;)]]></wp:comment_content>
			<wp:comment_approved>1</wp:comment_approved>
			<wp:comment_type></wp:comment_type>
			<wp:comment_parent>0</wp:comment_parent>
		</wp:comment>
	
</item>
