<item>
	<title>Heading out to visit Mama with this ZipCar never driven a mini before</title>
	<link>http://verdammelt.posterous.com/heading-out-to-visit-mama-with-this-zipcar-ne</link>
	<pubDate>Sun May 10 07:57:25 -0700 2009</pubDate>
	
	<dc:creator><![CDATA[Mark Simpson]]></dc:creator>
	
	

	<category><![CDATA[Uncategorized]]></category>

	<category domain="category" nicename="uncategorized"><![CDATA[Uncategorized]]></category>

  <guid isPermaLink="false">http://verdammelt.posterous.com/heading-out-to-visit-mama-with-this-zipcar-ne</guid>
	<description></description>
	<content:encoded><![CDATA[<div class='p_embed p_image_embed'>
<a href="http://getfile5.posterous.com/getfile/files.posterous.com/verdammelt/9f6fRNOU8IQduPWWOnJ33NWYAhxJn9cbrXQ4uwbTgtHYyjKoD0c1XhIWYDZZ/IMG00178.jpg.scaled.1000.jpg"><img alt="Img00178" height="400" src="http://getfile4.posterous.com/getfile/files.posterous.com/verdammelt/8ooVvz2rGx6DppqmNdQ7uRrWkMaYC49Y9rMa8GV80ERMbUZV5VlJNfGVSrYC/IMG00178.jpg.scaled.500.jpg" width="500" /></a>
</div>
<p>Sent via BlackBerry from T-Mobile</p>]]></content:encoded>
	<excerpt:encoded><![CDATA[Sent via BlackBerry from T-Mobile]]></excerpt:encoded>	

	<wp:post_date>Sun May 10 07:57:25 -0700 2009</wp:post_date>
	<wp:post_date_gmt>%= display_date %></wp:post_date_gmt>
	<wp:comment_status>open</wp:comment_status>
	<wp:ping_status>open</wp:ping_status>
	<wp:post_name>heading-out-to-visit-mama-with-this-zipcar-ne</wp:post_name>
	<wp:status>publish</wp:status>
	<wp:post_parent>0</wp:post_parent>
	<wp:menu_order>0</wp:menu_order>
	<wp:post_type>post</wp:post_type>
	<wp:post_password></wp:post_password>
	<wp:is_sticky>0</wp:is_sticky>

	
</item>
