<item>
	<title>Goths return to Central Sq. Like Sparrows to Capistrano? 	http://tinyurl.com/ov6487</title>
	<link>http://verdammelt.posterous.com/goths-return-to-central-sq-like-sparrows-to-c</link>
	<pubDate>Tue May 12 12:31:53 -0700 2009</pubDate>
	
	<dc:creator><![CDATA[Mark Simpson]]></dc:creator>
	
	

	<category><![CDATA[Uncategorized]]></category>

	<category domain="category" nicename="uncategorized"><![CDATA[Uncategorized]]></category>

  <guid isPermaLink="false">http://verdammelt.posterous.com/goths-return-to-central-sq-like-sparrows-to-c</guid>
	<description></description>
	<content:encoded><![CDATA[The Herald gossip makes it sound like it would be IN Green St. Grill - <br />i hope not! I'd much rather have Green St. Grill with their yummy <br />drinks!]]></content:encoded>
	<excerpt:encoded><![CDATA[The Herald gossip makes it sound like it would be IN Green St. Grill - i hope not! I'd much rather have Green St. Grill with their yummy drinks!]]></excerpt:encoded>	

	<wp:post_date>Tue May 12 12:31:53 -0700 2009</wp:post_date>
	<wp:post_date_gmt>%= display_date %></wp:post_date_gmt>
	<wp:comment_status>open</wp:comment_status>
	<wp:ping_status>open</wp:ping_status>
	<wp:post_name>goths-return-to-central-sq-like-sparrows-to-c</wp:post_name>
	<wp:status>publish</wp:status>
	<wp:post_parent>0</wp:post_parent>
	<wp:menu_order>0</wp:menu_order>
	<wp:post_type>post</wp:post_type>
	<wp:post_password></wp:post_password>
	<wp:is_sticky>0</wp:is_sticky>

	
</item>
