<item>
	<title>Wendy's first CafePress shirt!</title>
	<link>http://verdammelt.posterous.com/wendys-first-cafepress-shirt</link>
	<pubDate>Wed Aug 27 15:21:37 -0700 2008</pubDate>
	
	<dc:creator><![CDATA[Mark Simpson]]></dc:creator>
	
	

	<category><![CDATA[Uncategorized]]></category>

	<category domain="category" nicename="uncategorized"><![CDATA[Uncategorized]]></category>

  <guid isPermaLink="false">http://verdammelt.posterous.com/wendys-first-cafepress-shirt</guid>
	<description></description>
	<content:encoded><![CDATA[Sent via BlackBerry from T-Mobile<p><div class='p_embed p_image_embed'>
<a href="http://getfile3.posterous.com/getfile/files.posterous.com/verdammelt/NHQWqEHKnFylrbc7R2L49IXHrgNK4DOTkJ4aNt1nvo2MVqMua51lRvVths7P/IMG00106.jpg.scaled.1000.jpg"><img alt="Img00106" height="400" src="http://getfile2.posterous.com/getfile/files.posterous.com/verdammelt/D6wWC5UBioPsKINKaaG8WAaXnrAIiZ8BzL8nlfNQGAGAwthOJRGPdkZZ4l2h/IMG00106.jpg.scaled.500.jpg" width="500" /></a>
</div>
</p>]]></content:encoded>
	<excerpt:encoded><![CDATA[Sent via BlackBerry from T-Mobile]]></excerpt:encoded>	

	<wp:post_date>Wed Aug 27 15:21:37 -0700 2008</wp:post_date>
	<wp:post_date_gmt>%= display_date %></wp:post_date_gmt>
	<wp:comment_status>open</wp:comment_status>
	<wp:ping_status>open</wp:ping_status>
	<wp:post_name>wendys-first-cafepress-shirt</wp:post_name>
	<wp:status>publish</wp:status>
	<wp:post_parent>0</wp:post_parent>
	<wp:menu_order>0</wp:menu_order>
	<wp:post_type>post</wp:post_type>
	<wp:post_password></wp:post_password>
	<wp:is_sticky>0</wp:is_sticky>

	
</item>
