<item>
	<title>Sitting in the backyard with Beer, Laptop and Wendy.</title>
	<link>http://verdammelt.posterous.com/sitting-in-the-backyard-with-b</link>
	<pubDate>Thu Aug 28 16:06:24 -0700 2008</pubDate>
	
	<dc:creator><![CDATA[Mark Simpson]]></dc:creator>
	
	

	<category><![CDATA[Uncategorized]]></category>

	<category domain="category" nicename="uncategorized"><![CDATA[Uncategorized]]></category>

  <guid isPermaLink="false">http://verdammelt.posterous.com/sitting-in-the-backyard-with-b</guid>
	<description></description>
	<content:encoded><![CDATA[Makes for a good combo. <p />   Also playing around with Posterous (<a href="http://posterous.com">http://posterous.com</a>) which may <br /> signal a return to what, i believe, the kids call "Blogging". <p />   We shall see.]]></content:encoded>
	<excerpt:encoded><![CDATA[Makes for a good combo. Also playing around with Posterous (http://posterous.com) which may signal a return to what, i believe, the kids call "Blogging". We shall see.]]></excerpt:encoded>	

	<wp:post_date>Thu Aug 28 16:06:24 -0700 2008</wp:post_date>
	<wp:post_date_gmt>%= display_date %></wp:post_date_gmt>
	<wp:comment_status>open</wp:comment_status>
	<wp:ping_status>open</wp:ping_status>
	<wp:post_name>sitting-in-the-backyard-with-b</wp:post_name>
	<wp:status>publish</wp:status>
	<wp:post_parent>0</wp:post_parent>
	<wp:menu_order>0</wp:menu_order>
	<wp:post_type>post</wp:post_type>
	<wp:post_password></wp:post_password>
	<wp:is_sticky>0</wp:is_sticky>

	
</item>
