<item>
	<title>Ride Bikes Everyday</title>
	<link>http://verdammelt.posterous.com/ride-bikes-everyday</link>
	<pubDate>Sun Nov 27 20:24:05 -0800 2011</pubDate>
	
	<dc:creator><![CDATA[Mark Simpson]]></dc:creator>
	
	
		<category domain="tag" nicename="bicycle"><![CDATA[bicycle]]></category>
	
		<category domain="tag" nicename="comic"><![CDATA[comic]]></category>
	

	<category><![CDATA[Uncategorized]]></category>

	<category domain="category" nicename="uncategorized"><![CDATA[Uncategorized]]></category>

  <guid isPermaLink="false">http://verdammelt.posterous.com/ride-bikes-everyday</guid>
	<description></description>
	<content:encoded><![CDATA[<div class='p_embed p_image_embed'>
<a href="http://getfile2.posterous.com/getfile/files.posterous.com/verdammelt/cBqzIkzgClukmfCpIbHJGeIIlhEBmizhfusEoqavDpFlzGfiopaaIqxoAdiw/media_httpiimgurcom8X_ogAcp.jpg.scaled1000.jpg"><img alt="Media_httpiimgurcom8x_ogacp" height="177" src="http://getfile6.posterous.com/getfile/files.posterous.com/verdammelt/cBqzIkzgClukmfCpIbHJGeIIlhEBmizhfusEoqavDpFlzGfiopaaIqxoAdiw/media_httpiimgurcom8X_ogAcp.jpg.scaled500.jpg" width="500" /></a>
</div>
]]></content:encoded>
	<excerpt:encoded><![CDATA[]]></excerpt:encoded>	

	<wp:post_date>Sun Nov 27 20:24:05 -0800 2011</wp:post_date>
	<wp:post_date_gmt>%= display_date %></wp:post_date_gmt>
	<wp:comment_status>open</wp:comment_status>
	<wp:ping_status>open</wp:ping_status>
	<wp:post_name>ride-bikes-everyday</wp:post_name>
	<wp:status>publish</wp:status>
	<wp:post_parent>0</wp:post_parent>
	<wp:menu_order>0</wp:menu_order>
	<wp:post_type>post</wp:post_type>
	<wp:post_password></wp:post_password>
	<wp:is_sticky>0</wp:is_sticky>

	
</item>
