<item>
	<title>GNUS configuration note 1 (of N)</title>
	<link>http://verdammelt.posterous.com/gnus-configuration-note-1-of-n</link>
	<pubDate>Fri Dec 02 21:06:50 -0800 2011</pubDate>
	
	<dc:creator><![CDATA[Mark Simpson]]></dc:creator>
	
	
		<category domain="tag" nicename="emacs"><![CDATA[emacs]]></category>
	
		<category domain="tag" nicename="gnus"><![CDATA[gnus]]></category>
	

	<category><![CDATA[Uncategorized]]></category>

	<category domain="category" nicename="uncategorized"><![CDATA[Uncategorized]]></category>

  <guid isPermaLink="false">http://verdammelt.posterous.com/gnus-configuration-note-1-of-n</guid>
	<description></description>
	<content:encoded><![CDATA[<p>So far I have flailed around moving my email to a different structure.
I have been using <code>nnmail-use-long-file-names</code> set to <code>t</code> up until now.
But I decided to try it out with the default value of <code>nil</code>.</p>

<p>I had several problems this evening</p>

<ul>
<li><p>Sent mail was going to <code>nnfolder+nnfolder</code> instead of
<code>nnfolder+archive</code> as advertised.  I think that this may have been
caused by old settings in my <code>.newsrc.eld</code>.  After mucking about in
there I started getting my sent mail in the right place.</p></li>
<li><p>Not sure how it happened but the system acted as if
<code>nnfolder-directory</code> was set to <code>~/News/nnfolder</code> but then suddenly
switched to <code>~/Mail/</code>.  I got that all sorted out (now set to
<code>~/News/mail</code>) but it took some time and my brain didn&rsquo;t figure out
how it was working for while.  The important part here is if you move
a mail file you must also move/edit the <code>active</code> file to list that
mail group.</p></li>
</ul>


<p>Some of the problems may have been caused by a rather cavalier attitude
to the task.  If I had sat down to do it more carefully and slowly it
could have gone more smoothly.</p>

<p>No mail was lost so I am happy. But the system as it is currently
configured is definitely not the way I want to keep it.  Things to do
next:</p>

<ul>
<li>spam handling</li>
<li>expiry for archving (which I conflate that with sent mail processing)</li>
<li>splitting (but less splitting than I was doing previously)</li>
</ul>


<p>But now&hellip; time for sleep.</p>]]></content:encoded>
	<excerpt:encoded><![CDATA[So far I have flailed around moving my email to a different structure. I have been using nnmail-use-long-file-names set to t up until now. But I decided to try it out with the default value of nil. I had several problems this evening Sent mail was...]]></excerpt:encoded>	

	<wp:post_date>Fri Dec 02 21:06:50 -0800 2011</wp:post_date>
	<wp:post_date_gmt>%= display_date %></wp:post_date_gmt>
	<wp:comment_status>open</wp:comment_status>
	<wp:ping_status>open</wp:ping_status>
	<wp:post_name>gnus-configuration-note-1-of-n</wp:post_name>
	<wp:status>publish</wp:status>
	<wp:post_parent>0</wp:post_parent>
	<wp:menu_order>0</wp:menu_order>
	<wp:post_type>post</wp:post_type>
	<wp:post_password></wp:post_password>
	<wp:is_sticky>0</wp:is_sticky>

	
</item>
