<item>
	<title>Friendly people saying &quot;Good Morning&quot; on my #bikecommute - i woke up 	in another city - this is not Boston!</title>
	<link>http://verdammelt.posterous.com/friendly-people-saying-good-morning-on-my-bik</link>
	<pubDate>Thu May 21 05:34:05 -0700 2009</pubDate>
	
	<dc:creator><![CDATA[Mark Simpson]]></dc:creator>
	
	

	<category><![CDATA[Uncategorized]]></category>

	<category domain="category" nicename="uncategorized"><![CDATA[Uncategorized]]></category>

  <guid isPermaLink="false">http://verdammelt.posterous.com/friendly-people-saying-good-morning-on-my-bik</guid>
	<description></description>
	<content:encoded><![CDATA[But then i got stuck behind a stinky garbage truck on one of the most <br />potholed streets i have to deal with (Essex through Chinatown) and <br />that brought things back to normal.]]></content:encoded>
	<excerpt:encoded><![CDATA[But then i got stuck behind a stinky garbage truck on one of the most potholed streets i have to deal with (Essex through Chinatown) and that brought things back to normal.]]></excerpt:encoded>	

	<wp:post_date>Thu May 21 05:34:05 -0700 2009</wp:post_date>
	<wp:post_date_gmt>%= display_date %></wp:post_date_gmt>
	<wp:comment_status>open</wp:comment_status>
	<wp:ping_status>open</wp:ping_status>
	<wp:post_name>friendly-people-saying-good-morning-on-my-bik</wp:post_name>
	<wp:status>publish</wp:status>
	<wp:post_parent>0</wp:post_parent>
	<wp:menu_order>0</wp:menu_order>
	<wp:post_type>post</wp:post_type>
	<wp:post_password></wp:post_password>
	<wp:is_sticky>0</wp:is_sticky>

	
</item>
