<item>
	<title>Coderetreat - the need for preparedness</title>
	<link>http://verdammelt.posterous.com/coderetreat-the-need-for-preparedness</link>
	<pubDate>Sun Dec 04 15:34:07 -0800 2011</pubDate>
	
	<dc:creator><![CDATA[Mark Simpson]]></dc:creator>
	
	
		<category domain="tag" nicename="coderetreat"><![CDATA[coderetreat]]></category>
	

	<category><![CDATA[Uncategorized]]></category>

	<category domain="category" nicename="uncategorized"><![CDATA[Uncategorized]]></category>

  <guid isPermaLink="false">http://verdammelt.posterous.com/coderetreat-the-need-for-preparedness</guid>
	<description></description>
	<content:encoded><![CDATA[<h2>Abstract</h2>

<p>This observer has noted a repeated waste of time by attendees of the
<a href="http://coderetreat.org/">Coderetreats</a> he has attended. Herein is described a
simple way to be better prepared when you attend your next Coderetreat</p>

<h2>Observational Data</h2>

<p>This past weekend was the Global Day of Coderetreat and I attended the
one in <a href="http://coderetreat.org/events/global-day-of-coderetreat">Cambridge, Mass</a>. This was my third and I
again saw an annoyance I want to get out of my head.</p>

<p>First, let me recapitulate the idea of the code retreat.  The
participants work on the <a href="http://en.wikipedia.org/wiki/Conways_Game_of_Life">Conway&rsquo;s Game of Life</a> programming
problem in 45 minute intervals in pairs, throwing away the code after
every iteration.  Some iterations have interesting constraints added;
such as &lsquo;no primitives&rsquo;, &lsquo;no ifs&rsquo;, or &lsquo;silent paring&rsquo;.</p>

<p>I have noticed that at each coderetreat I&rsquo;ve attended some people spend
time (usually only in the first session luckily) fighting with their
environments to get the point where they can start coding. To me any
time spent setting up the environment is wasted time when you have 45
minutes.  I&rsquo;m not saying that this was a /huge/ issue &ndash; but a very
little bit of preparation can save plenty of time during the event.</p>

<h2>An Initial Attempt for a Personal Solution</h2>

<p>Given that I saw (and felt, when pairing with someone who was
unprepared) this problem at the Chicago coderetreat (held the day after
<a href="http://scna.softwarecraftsmanship.org/">SCNA</a>), I made sure I had a ruby and Java project all set up so
that I had a failing test (<code>true == false</code>).  That way I knew that
everything was all set: all needed libraries, any special configuration
(<a href="http://www.zenspider.com/ZSS/Products/ZenTest/">autotest</a> &amp; <a href="https://www.relishapp.com/rspec">rspec</a> always gives me a little bit of
hassle), any other annoying little thing was done.  I even went so far
as to push them up to <a href="https://.github.com">GitHub</a> so others could use them to.
(git makes deleting the code after an iteration very easy: <code>git reset
--hard HEAD &amp;&amp; git clean -fqx</code>).</p>

<p>It turns out that I didn&rsquo;t need to do this.  There was already a GitHub
repository that did what I needed and much more:
<a href="https://github.com/coreyhaines/coderetreat">coreyhaines/coderetreat</a>.</p>

<h2>Conclusion</h2>

<p>Given that the above repository is set up for 10 programming languages
currently, it is likely that the ones you want to use are already
there.  Simply cloning the repository and doing a quick smoke test will
ensure that your environment is ready for the session.</p>

<p>If you don&rsquo;t find your favorite language &ndash; or the skeleton provided
doesn&rsquo;t work as well as it could &ndash; send a pull request (I tweaked the
ruby starting point to let autotest work with rspec right away).</p>]]></content:encoded>
	<excerpt:encoded><![CDATA[Abstract This observer has noted a repeated waste of time by attendees of the Coderetreats he has attended. Herein is described a simple way to be better prepared when you attend your next Coderetreat Observational Data This past weekend was the G...]]></excerpt:encoded>	

	<wp:post_date>Sun Dec 04 15:34:07 -0800 2011</wp:post_date>
	<wp:post_date_gmt>%= display_date %></wp:post_date_gmt>
	<wp:comment_status>open</wp:comment_status>
	<wp:ping_status>open</wp:ping_status>
	<wp:post_name>coderetreat-the-need-for-preparedness</wp:post_name>
	<wp:status>publish</wp:status>
	<wp:post_parent>0</wp:post_parent>
	<wp:menu_order>0</wp:menu_order>
	<wp:post_type>post</wp:post_type>
	<wp:post_password></wp:post_password>
	<wp:is_sticky>0</wp:is_sticky>

	
		<wp:comment>
			<!-- <wp:comment_id>5</wp:comment_id> -->
			<wp:comment_author><![CDATA[mdenomy]]></wp:comment_author>
			<wp:comment_author_email></wp:comment_author_email>
			<wp:comment_author_url></wp:comment_author_url>
			<wp:comment_date>Sun Dec 04 16:03:47 -0800 2011</wp:comment_date>
			<wp:comment_date_gmt>Sun Dec 04 16:03:47 -0800 2011</wp:comment_date_gmt>
			<wp:comment_content><![CDATA[Mark,

Enjoyed pairing with you at CodeRetreat.  Thanks for the tips.  After CodeRetreat, I am looking forward to doing more with Ruby, and this will help me get an environment set up and ready to go.

Mike]]></wp:comment_content>
			<wp:comment_approved>1</wp:comment_approved>
			<wp:comment_type></wp:comment_type>
			<wp:comment_parent>0</wp:comment_parent>
		</wp:comment>
	
		<wp:comment>
			<!-- <wp:comment_id>5</wp:comment_id> -->
			<wp:comment_author><![CDATA[]]></wp:comment_author>
			<wp:comment_author_email></wp:comment_author_email>
			<wp:comment_author_url></wp:comment_author_url>
			<wp:comment_date>Sun Dec 04 16:26:02 -0800 2011</wp:comment_date>
			<wp:comment_date_gmt>Sun Dec 04 16:26:02 -0800 2011</wp:comment_date_gmt>
			<wp:comment_content><![CDATA[Drop me a line if you need/want help with Ruby - i'm no expert but I'm picking it up.  My email is same as this posterous account @gmail.com]]></wp:comment_content>
			<wp:comment_approved>1</wp:comment_approved>
			<wp:comment_type></wp:comment_type>
			<wp:comment_parent>0</wp:comment_parent>
		</wp:comment>
	
</item>
