<item>
	<title>Gnus configuration (2.5 of N) - Spam Splitting</title>
	<link>http://verdammelt.posterous.com/gnus-configuration-25-of-n-spam-splitting</link>
	<pubDate>Wed Dec 07 19:40:12 -0800 2011</pubDate>
	
	<dc:creator><![CDATA[Mark Simpson]]></dc:creator>
	
	
		<category domain="tag" nicename="emacs"><![CDATA[emacs]]></category>
	
		<category domain="tag" nicename="gnus"><![CDATA[gnus]]></category>
	

	<category><![CDATA[Uncategorized]]></category>

	<category domain="category" nicename="uncategorized"><![CDATA[Uncategorized]]></category>

  <guid isPermaLink="false">http://verdammelt.posterous.com/gnus-configuration-25-of-n-spam-splitting</guid>
	<description></description>
	<content:encoded><![CDATA[<p>An addendum to follow up on how to fix an item that was giving me a
problem before.</p>

<p>In order to get ham &amp; spam moved and processed as such when you mark it
you need to set up additional group parameters:</p>

<div class="CodeRay">
  <div class="code"><pre>'((&quot;nnfolder.*&quot;
 (spam-contents gnus-group-spam-classification-ham)
 (spam-process (ham spam-use-bogofilter)
           (spam spam-use-bogofilter))
 (spam-process-destination &quot;nnfolder:spam.spam&quot;))
(&quot;spam.spam&quot;
 (spam-contents gnus-group-spam-classification-spam)
 (spam-process (spam spam-use-bogofilter)
           (ham spam-use-bogofilter))
 (ham-process-destination &quot;nnfolder:mail.misc&quot;))</pre></div>
</div>


<p>Specifically the <code>spam-process-destination</code> and
<code>ham-process-destination</code> pair.  These cause the mail to be moved from
the ham to spam groups and /visa versa/.</p>

<p>One problem still remains &ndash; the bogofilter still doesn&rsquo;t seem to be
doing anything.  I don&rsquo;t see any evidence that it is being called in the
`<em>Messages</em> buffer either.</p>

<p>So the score is:</p>

<ol>
<li>Bogofilter not being called when groups exited</li>
<li>Wish I could get BBDB to work.</li>
</ol>]]></content:encoded>
	<excerpt:encoded><![CDATA[An addendum to follow up on how to fix an item that was giving me a problem before. In order to get ham & spam moved and processed as such when you mark it you need to set up additional group parameters: '(("nnfolder.*" (spam-contents gnus-group-s...]]></excerpt:encoded>	

	<wp:post_date>Wed Dec 07 19:40:12 -0800 2011</wp:post_date>
	<wp:post_date_gmt>%= display_date %></wp:post_date_gmt>
	<wp:comment_status>open</wp:comment_status>
	<wp:ping_status>open</wp:ping_status>
	<wp:post_name>gnus-configuration-25-of-n-spam-splitting</wp:post_name>
	<wp:status>publish</wp:status>
	<wp:post_parent>0</wp:post_parent>
	<wp:menu_order>0</wp:menu_order>
	<wp:post_type>post</wp:post_type>
	<wp:post_password></wp:post_password>
	<wp:is_sticky>0</wp:is_sticky>

	
</item>
