<item>
	<title>Project cancelled &amp; layoffs. Still here but don't know what i'm 	working on yet. Just polishing up code right now.</title>
	<link>http://verdammelt.posterous.com/project-cancelled-and-layoffs-still-here-but</link>
	<pubDate>Thu Dec 10 06:26:21 -0800 2009</pubDate>
	
	<dc:creator><![CDATA[Mark Simpson]]></dc:creator>
	
	

	<category><![CDATA[Uncategorized]]></category>

	<category domain="category" nicename="uncategorized"><![CDATA[Uncategorized]]></category>

  <guid isPermaLink="false">http://verdammelt.posterous.com/project-cancelled-and-layoffs-still-here-but</guid>
	<description></description>
	<content:encoded><![CDATA[Yesterday we had some layoffs - my project lost 4 people in Boston <br />alone, another 5 in our other offices. Layoffs happened across the <br />company. Then we found out that the project itself was also <br />cancelled. We'll be assigned to other projects but we don't know what <br />those will be yet. <p /> So nothing left to do but do a little polishing of the code, fixing a <br />couple bugs so that when the code is put on the shelf it is in <br />reasonable shape to be taken down for demos or even restarting <br />someday. <p /> At least i won't be needing to work long hours and weekends until the <br />end of the month!]]></content:encoded>
	<excerpt:encoded><![CDATA[Yesterday we had some layoffs - my project lost 4 people in Boston alone, another 5 in our other offices. Layoffs happened across the company. Then we found out that the project itself was also cancelled. We'll be assigned to other projects but we...]]></excerpt:encoded>	

	<wp:post_date>Thu Dec 10 06:26:21 -0800 2009</wp:post_date>
	<wp:post_date_gmt>%= display_date %></wp:post_date_gmt>
	<wp:comment_status>open</wp:comment_status>
	<wp:ping_status>open</wp:ping_status>
	<wp:post_name>project-cancelled-layoffs-still-here-but-dont</wp:post_name>
	<wp:status>publish</wp:status>
	<wp:post_parent>0</wp:post_parent>
	<wp:menu_order>0</wp:menu_order>
	<wp:post_type>post</wp:post_type>
	<wp:post_password></wp:post_password>
	<wp:is_sticky>0</wp:is_sticky>

	
</item>
