<item>
	<title>Jen's first Speedo Run</title>
	<link>http://verdammelt.posterous.com/jens-first-speedo-run</link>
	<pubDate>Sat Dec 12 10:30:58 -0800 2009</pubDate>
	
	<dc:creator><![CDATA[Mark Simpson]]></dc:creator>
	
	

	<category><![CDATA[Uncategorized]]></category>

	<category domain="category" nicename="uncategorized"><![CDATA[Uncategorized]]></category>

  <guid isPermaLink="false">http://verdammelt.posterous.com/jens-first-speedo-run</guid>
	<description></description>
	<content:encoded><![CDATA[<div class='p_embed p_image_embed'>
<a href="http://getfile6.posterous.com/getfile/files.posterous.com/verdammelt/uv6349LAswcBUV342fVc0bq6J9U31gEDcL0kwptkGB9d68Qb7z1t64rhRIKq/2009-12-12_13.28.47.jpg.scaled.1000.jpg"><img alt="2009-12-12_13" height="375" src="http://getfile5.posterous.com/getfile/files.posterous.com/verdammelt/XGyW5GTw88ksC634duM8KLNDuGelRKn2q5xFOheqZ4m6C1msHKbaDtEuaNEg/2009-12-12_13.28.47.jpg.scaled.500.jpg" width="500" /></a>
</div>
]]></content:encoded>
	<excerpt:encoded><![CDATA[]]></excerpt:encoded>	

	<wp:post_date>Sat Dec 12 10:30:58 -0800 2009</wp:post_date>
	<wp:post_date_gmt>%= display_date %></wp:post_date_gmt>
	<wp:comment_status>open</wp:comment_status>
	<wp:ping_status>open</wp:ping_status>
	<wp:post_name>jens-first-speedo-run</wp:post_name>
	<wp:status>publish</wp:status>
	<wp:post_parent>0</wp:post_parent>
	<wp:menu_order>0</wp:menu_order>
	<wp:post_type>post</wp:post_type>
	<wp:post_password></wp:post_password>
	<wp:is_sticky>0</wp:is_sticky>

	
</item>
