<item>
	<title>Pair Programming with Gwendolyn</title>
	<link>http://verdammelt.posterous.com/pair-programming-with-gwendolyn</link>
	<pubDate>Fri Dec 16 17:18:30 -0800 2011</pubDate>
	
	<dc:creator><![CDATA[Mark Simpson]]></dc:creator>
	
	
		<category domain="tag" nicename="catgwendolynprogramming"><![CDATA[catgwendolynprogramming]]></category>
	

	<category><![CDATA[Uncategorized]]></category>

	<category domain="category" nicename="uncategorized"><![CDATA[Uncategorized]]></category>

  <guid isPermaLink="false">http://verdammelt.posterous.com/pair-programming-with-gwendolyn</guid>
	<description></description>
	<content:encoded><![CDATA[<div class='p_embed p_image_embed'>
<a href="http://getfile9.posterous.com/getfile/files.posterous.com/verdammelt/JQBS12zM9Qzsa1HsqaiTBjkY5nV65oAFZEIPlCUFuRvjYowA0z0BDLIlevb4/IMG_20111216_201417.jpg.scaled.1000.jpg"><img alt="Img_20111216_201417" height="667" src="http://getfile7.posterous.com/getfile/files.posterous.com/verdammelt/gK4e2XyuQCUaDfVn67D20hDxENJimbR1jAM50WAjaNVSIrlPwamuCHgKSi5D/IMG_20111216_201417.jpg.scaled.500.jpg" width="500" /></a>
</div>
]]></content:encoded>
	<excerpt:encoded><![CDATA[]]></excerpt:encoded>	

	<wp:post_date>Fri Dec 16 17:18:30 -0800 2011</wp:post_date>
	<wp:post_date_gmt>%= display_date %></wp:post_date_gmt>
	<wp:comment_status>open</wp:comment_status>
	<wp:ping_status>open</wp:ping_status>
	<wp:post_name>pair-programming-with-gwendolyn</wp:post_name>
	<wp:status>publish</wp:status>
	<wp:post_parent>0</wp:post_parent>
	<wp:menu_order>0</wp:menu_order>
	<wp:post_type>post</wp:post_type>
	<wp:post_password></wp:post_password>
	<wp:is_sticky>0</wp:is_sticky>

	
		<wp:comment>
			<!-- <wp:comment_id>5</wp:comment_id> -->
			<wp:comment_author><![CDATA[mdenomy]]></wp:comment_author>
			<wp:comment_author_email></wp:comment_author_email>
			<wp:comment_author_url></wp:comment_author_url>
			<wp:comment_date>Fri Feb 10 05:19:53 -0800 2012</wp:comment_date>
			<wp:comment_date_gmt>Fri Feb 10 05:19:53 -0800 2012</wp:comment_date_gmt>
			<wp:comment_content><![CDATA[I bet Gwendolyn likes Linux because she can do 'cat food'.

;)
]]></wp:comment_content>
			<wp:comment_approved>1</wp:comment_approved>
			<wp:comment_type></wp:comment_type>
			<wp:comment_parent>0</wp:comment_parent>
		</wp:comment>
	
</item>
