<item>
	<title>Happy Birthday Sol Invictus! #solstice</title>
	<link>http://verdammelt.posterous.com/happy-birthday-sol-invictus-solstice</link>
	<pubDate>Mon Dec 21 05:19:43 -0800 2009</pubDate>
	
	<dc:creator><![CDATA[Mark Simpson]]></dc:creator>
	
	

	<category><![CDATA[Uncategorized]]></category>

	<category domain="category" nicename="uncategorized"><![CDATA[Uncategorized]]></category>

  <guid isPermaLink="false">http://verdammelt.posterous.com/happy-birthday-sol-invictus-solstice</guid>
	<description></description>
	<content:encoded><![CDATA[]]></content:encoded>
	<excerpt:encoded><![CDATA[]]></excerpt:encoded>	

	<wp:post_date>Mon Dec 21 05:19:43 -0800 2009</wp:post_date>
	<wp:post_date_gmt>%= display_date %></wp:post_date_gmt>
	<wp:comment_status>open</wp:comment_status>
	<wp:ping_status>open</wp:ping_status>
	<wp:post_name>happy-birthday-sol-invictus-solstice</wp:post_name>
	<wp:status>publish</wp:status>
	<wp:post_parent>0</wp:post_parent>
	<wp:menu_order>0</wp:menu_order>
	<wp:post_type>post</wp:post_type>
	<wp:post_password></wp:post_password>
	<wp:is_sticky>0</wp:is_sticky>

	
</item>
