<item>
	<title>Reading comics for Science!</title>
	<link>http://verdammelt.posterous.com/reading-comics-for-science</link>
	<pubDate>Fri May 29 16:53:35 -0700 2009</pubDate>
	
	<dc:creator><![CDATA[Mark Simpson]]></dc:creator>
	
	

	<category><![CDATA[Uncategorized]]></category>

	<category domain="category" nicename="uncategorized"><![CDATA[Uncategorized]]></category>

  <guid isPermaLink="false">http://verdammelt.posterous.com/reading-comics-for-science</guid>
	<description></description>
	<content:encoded><![CDATA[<div class='p_embed p_image_embed'>
<a href="http://getfile5.posterous.com/getfile/files.posterous.com/verdammelt/W5mDjjgpcZHuOgAvn8UNDzM0RZkXbJqj2RLarRAjo5HSC0nfaImbx7Yn5f9X/IMG00183.jpg.scaled.1000.jpg"><img alt="Img00183" height="400" src="http://getfile4.posterous.com/getfile/files.posterous.com/verdammelt/WMgCJfSyr7TXXfw8mAP5WS9wyUU9971H7wpdg289BvauJqQJuwNeGKt5moLc/IMG00183.jpg.scaled.500.jpg" width="500" /></a>
</div>
<p>Sent via BlackBerry from T-Mobile</p>]]></content:encoded>
	<excerpt:encoded><![CDATA[Sent via BlackBerry from T-Mobile]]></excerpt:encoded>	

	<wp:post_date>Fri May 29 16:53:35 -0700 2009</wp:post_date>
	<wp:post_date_gmt>%= display_date %></wp:post_date_gmt>
	<wp:comment_status>open</wp:comment_status>
	<wp:ping_status>open</wp:ping_status>
	<wp:post_name>reading-comics-for-science</wp:post_name>
	<wp:status>publish</wp:status>
	<wp:post_parent>0</wp:post_parent>
	<wp:menu_order>0</wp:menu_order>
	<wp:post_type>post</wp:post_type>
	<wp:post_password></wp:post_password>
	<wp:is_sticky>0</wp:is_sticky>

	
</item>
