<item>
	<title>He Who Must Not Be Snuggled: http://cthulhudoodle.blogspot.com/2009/09/he-who-must-not-be-snuggled.html</title>
	<link>http://verdammelt.posterous.com/he-who-must-not-be-snuggled-httpcthulhudoodle</link>
	<pubDate>Tue Dec 22 18:15:13 -0800 2009</pubDate>
	
	<dc:creator><![CDATA[Mark Simpson]]></dc:creator>
	
	

	<category><![CDATA[Uncategorized]]></category>

	<category domain="category" nicename="uncategorized"><![CDATA[Uncategorized]]></category>

  <guid isPermaLink="false">http://verdammelt.posterous.com/he-who-must-not-be-snuggled-httpcthulhudoodle</guid>
	<description></description>
	<content:encoded><![CDATA[]]></content:encoded>
	<excerpt:encoded><![CDATA[]]></excerpt:encoded>	

	<wp:post_date>Tue Dec 22 18:15:13 -0800 2009</wp:post_date>
	<wp:post_date_gmt>%= display_date %></wp:post_date_gmt>
	<wp:comment_status>open</wp:comment_status>
	<wp:ping_status>open</wp:ping_status>
	<wp:post_name>he-who-must-not-be-snuggled-httpcthulhudoodle</wp:post_name>
	<wp:status>publish</wp:status>
	<wp:post_parent>0</wp:post_parent>
	<wp:menu_order>0</wp:menu_order>
	<wp:post_type>post</wp:post_type>
	<wp:post_password></wp:post_password>
	<wp:is_sticky>0</wp:is_sticky>

	
</item>
