<item>
	<title>Biking the Charles - ON THE CHARLES</title>
	<link>http://verdammelt.posterous.com/biking-the-charles-on-the-charles</link>
	<pubDate>Sun Dec 27 12:21:44 -0800 2009</pubDate>
	
	<dc:creator><![CDATA[Mark Simpson]]></dc:creator>
	
	

	<category><![CDATA[Uncategorized]]></category>

	<category domain="category" nicename="uncategorized"><![CDATA[Uncategorized]]></category>

  <guid isPermaLink="false">http://verdammelt.posterous.com/biking-the-charles-on-the-charles</guid>
	<description></description>
	<content:encoded><![CDATA[<div class='p_embed p_image_embed'>
<a href="http://getfile2.posterous.com/getfile/files.posterous.com/verdammelt/E5psnMsEMGeFIqMBqDhYgJmBYy0ftEeuBXbkkIrw0Z0czGmlRJcRIKJ4luX5/2009-12-27_15.13.56.jpg.scaled.1000.jpg"><img alt="2009-12-27_15" height="375" src="http://getfile1.posterous.com/getfile/files.posterous.com/verdammelt/6S4r4QDqOg599SOspvoDwnNXbebv6vpqQPP6SwHlpIenIqxuqhGlSr5VDYki/2009-12-27_15.13.56.jpg.scaled.500.jpg" width="500" /></a>
</div>
]]></content:encoded>
	<excerpt:encoded><![CDATA[]]></excerpt:encoded>	

	<wp:post_date>Sun Dec 27 12:21:44 -0800 2009</wp:post_date>
	<wp:post_date_gmt>%= display_date %></wp:post_date_gmt>
	<wp:comment_status>open</wp:comment_status>
	<wp:ping_status>open</wp:ping_status>
	<wp:post_name>biking-the-charles-on-the-charles</wp:post_name>
	<wp:status>publish</wp:status>
	<wp:post_parent>0</wp:post_parent>
	<wp:menu_order>0</wp:menu_order>
	<wp:post_type>post</wp:post_type>
	<wp:post_password></wp:post_password>
	<wp:is_sticky>0</wp:is_sticky>

	
</item>
