<item>
	<title>Sad that we have to be told: Do not put baby in bag</title>
	<link>http://verdammelt.posterous.com/sad-that-we-have-to-be-told-do-not-put-baby-i</link>
	<pubDate>Sun Jan 03 12:06:55 -0800 2010</pubDate>
	
	<dc:creator><![CDATA[Mark Simpson]]></dc:creator>
	
	

	<category><![CDATA[Uncategorized]]></category>

	<category domain="category" nicename="uncategorized"><![CDATA[Uncategorized]]></category>

  <guid isPermaLink="false">http://verdammelt.posterous.com/sad-that-we-have-to-be-told-do-not-put-baby-i</guid>
	<description></description>
	<content:encoded><![CDATA[<div class='p_embed p_image_embed'>
<a href="http://getfile8.posterous.com/getfile/files.posterous.com/verdammelt/H7OoS7TOBdCsDkvI51i06IPiWIrVSgrE88oO0bl8oscMJomzm3pti3SnHJ2p/2010-01-03_14.58.01.jpg.scaled.1000.jpg"><img alt="2010-01-03_14" height="375" src="http://getfile7.posterous.com/getfile/files.posterous.com/verdammelt/8DcsSzxxw3lBPGRnNH0gGt2TOIGoJsk2SVVk0G7xvwDXETFrz6ckppCBGl6n/2010-01-03_14.58.01.jpg.scaled.500.jpg" width="500" /></a>
</div>
]]></content:encoded>
	<excerpt:encoded><![CDATA[]]></excerpt:encoded>	

	<wp:post_date>Sun Jan 03 12:06:55 -0800 2010</wp:post_date>
	<wp:post_date_gmt>%= display_date %></wp:post_date_gmt>
	<wp:comment_status>open</wp:comment_status>
	<wp:ping_status>open</wp:ping_status>
	<wp:post_name>sad-that-we-have-to-be-told-do-not-put-baby-i</wp:post_name>
	<wp:status>publish</wp:status>
	<wp:post_parent>0</wp:post_parent>
	<wp:menu_order>0</wp:menu_order>
	<wp:post_type>post</wp:post_type>
	<wp:post_password></wp:post_password>
	<wp:is_sticky>0</wp:is_sticky>

	
</item>
