<item>
	<title>Waiting for my previous @eddieizzard tweet to appear on jumbotron</title>
	<link>http://verdammelt.posterous.com/waiting-for-my-previous-eddieizzard-tweet-to</link>
	<pubDate>Tue Jan 12 17:15:11 -0800 2010</pubDate>
	
	<dc:creator><![CDATA[Mark Simpson]]></dc:creator>
	
	

	<category><![CDATA[Uncategorized]]></category>

	<category domain="category" nicename="uncategorized"><![CDATA[Uncategorized]]></category>

  <guid isPermaLink="false">http://verdammelt.posterous.com/waiting-for-my-previous-eddieizzard-tweet-to</guid>
	<description></description>
	<content:encoded><![CDATA[<div class='p_embed p_image_embed'>
<a href="http://getfile5.posterous.com/getfile/files.posterous.com/verdammelt/qTKRvtcj9prvbc5CwEOqn21E01AMQggz9dmUrwxNMiGknZCHQFCm0LAvPQHn/2010-01-12_20.12.31.jpg.scaled.1000.jpg"><img alt="2010-01-12_20" height="375" src="http://getfile4.posterous.com/getfile/files.posterous.com/verdammelt/BmlnEMl5ORZVUul8Y9mxcNPhOsdoTdrYMMESAlCgudaZBenFWxnvazm4Eiu0/2010-01-12_20.12.31.jpg.scaled.500.jpg" width="500" /></a>
</div>
]]></content:encoded>
	<excerpt:encoded><![CDATA[]]></excerpt:encoded>	

	<wp:post_date>Tue Jan 12 17:15:11 -0800 2010</wp:post_date>
	<wp:post_date_gmt>%= display_date %></wp:post_date_gmt>
	<wp:comment_status>open</wp:comment_status>
	<wp:ping_status>open</wp:ping_status>
	<wp:post_name>waiting-for-my-previous-eddieizzard-tweet-to</wp:post_name>
	<wp:status>publish</wp:status>
	<wp:post_parent>0</wp:post_parent>
	<wp:menu_order>0</wp:menu_order>
	<wp:post_type>post</wp:post_type>
	<wp:post_password></wp:post_password>
	<wp:is_sticky>0</wp:is_sticky>

	
</item>
